신문사,제목,본문_요약,링크,카테고리,예측점수,최종선택여부
중앙일보,"‘차이나’는 가격 경쟁력…중국산 전기차, 국내 시장 흔든다","━전기차 격전지 된 한국내년 국내 전기차 시장에서 수입차와 국산차 간 경쟁 구도가 한층 치열해질 전망이다. 감독형 자율주행(FSD)을 앞세운 테슬라의 판매가 꾸준히 증가하고 있는 가운데, 내수 한계에 직면한 중국 완성차 업체들이 한국을 포함한 해외 시장으로 물량을 쏟아내고 있어서다.14일 완성차 업계에 따르면 지난 11월 중국 승용차 소매 판매는 222만5000대로 전년 대비 8.1% 감소했다. 친환경차 판매는 증가세를 이어가고 있지만 성장 속도는 눈에 띄게 둔화됐다. 지난해 11월 약 19%에 달했던 친환경차 판매 증가율은 올해 11월 4%대 초반까지 떨어졌다. 연말 수요와 보조금 효과에도 불구하고 소비 회복이 기대에 못 미치면서 내수 둔화가 구조화되고 있다는 평가다.반면 수출은 급증하고 있다. 11월 중...",https://n.news.naver.com/article/newspaper/025/0003489732?date=20251215,업계,0.943690602,1
조선일보,"“AI 훈풍에 반도체·디스플레이 ‘맑음’, 석화·철강은 ‘흐림’”… 내년 주요 산업 기상도는","2026년 한국 산업 기상도는 반도체·디스플레이는 ‘맑음’, 배터리·바이오·자동차·조선 산업은 ‘대체로 맑음’, 석유화학·철강은 ‘흐림’이라는 전망이 나왔다.대한상공회의소는 최근 11개 주요 업종별 협회와 함께 분석한 ‘2026년 산업 기상도’ 조사를 14일 발표하고 이같이 밝혔다. 산업 기상도는 맑음(매우 좋음), 대체로 맑음(좋음), 흐림(어려움), 비(매우 어려움) 4단계로 표현된다.반도체 산업은 내년 수출이 올해보다 9.1% 성장(1800억달러)할 것으로 분석됐다. 글로벌 빅테크가 AI 인프라 구축 경쟁에 나서면서 HBM(고대역폭 메모리) 등 고부가가치 반도체 수요가 늘 것으로 전망됐다. 디스플레이도 AI발 전자기기 사양 상향 평준화와 함께 고효율 OLED 패널 수요가 증가하면서 내년 수출이 올해 대...",https://n.news.naver.com/article/newspaper/023/0003946817?date=20251215,업계,0.928954368,1
동아일보,"반도체-디스플레이 ‘맑음’, 기계-석유화학-철강 ‘흐림’","대한상의, 내년 업종별 기상도배터리-바이오는 ‘대체로 맑음’2026년 국내 산업계에서는 인공지능(AI) 확산을 뒷받침하는 반도체 전망이 좋은 반면 중국과 경쟁하며 미국 관세의 영향을 받는 철강 기계 전망은 나쁜 것으로 조사됐다.14일 대한상공회의소는 11개 주요 업종별 협회와 함께 분석한 ‘2026 산업 기상도’를 발표했다. 조사에 따르면 반도체와 디스플레이 산업은 ‘맑음’, 배터리와 바이오, 자동차, 조선, 섬유패션 산업은 ‘대체로 맑음’으로 전망됐다. 기계와 석유화학, 철강, 건설 산업의 전망은 ‘흐림’으로 예상된다.대한상의는 올해 반도체 수출이 16.3% 성장하는 데 이어 2026년에도 9.1% 성장할 것으로 내다봤다. 글로벌 빅테크의 AI 인프라 구축 경쟁으로 고대역폭메모리(HBM) 등 고성능 반도체...",https://n.news.naver.com/article/newspaper/020/0003681682?date=20251215,업계,0.867370527,1
매일경제,"""저가 건기식 때문에""… 정관장 해외매출 역성장","中 등서 값싼 건기식 늘어나상대적으로 비싼 정관장 영향""B2B 등 공략해 수익 높일 것""홍삼 기반 건강기능식품 정관장이 주력인 KGC인삼공사가 올해 처음 해외 매출이 역성장할 전망이다. 중저가의 로컬 건강기능식품들이 크게 늘어나면서 상대적으로 고가인 정관장의 판매에도 영향을 미치고 있다는 분석이 나온다. 인삼공사는 현지 수요에 맞춰 상품을 다양화하고 원료를 바탕으로 기업 간 거래(B2B)도 확대해 수익을 높이겠다는 전략이다.14일 업계에 따르면 인삼공사의 해외법인 매출액은 2020년 1464억원에서 2143억원(2022년), 3141억원(2024년) 등으로 해마다 늘어났다. 올해는 수익성은 개선됐지만 처음 역성장해 3000억원 안팎에 그칠 전망이다. 이 회사의 해외법인 매출에는 수출도 포함돼 사실상 '해외매...",https://n.news.naver.com/article/newspaper/009/0005605794?date=20251215,업계,0.86338403,1
한국경제,中 밀어내기 물량에 수출 절벽…'K스틸' 내년 분수령,"한경Aicel 분석…4분기 철강재 수출 현황철강 수출 5년만에 최악한국의 철강 수출이 5년 만에 최악의 실적을 기록할 전망이다. 글로벌 건설 경기 침체에 보호무역 강화가 겹친 탓이다.14일 한경에이셀(Aicel)에 따르면 철강 수출금액은 올 들어 이달 10일까지 246억4200만달러(약 36조4000억원)를 기록해 작년 동기 대비 7.4% 줄었다. 팬데믹 수요 절벽이 발생한 2020년 후 가장 작은 규모다. 정부의 저가 수입 철강 차단 및 ‘K스틸법’(철강산업 경쟁력 강화 및 탄소중립 전환을 위한 특별법) 등 덕분에 내수는 버티겠지만 수출 경쟁력은 쉽게 회복하기 어려울 것이란 우려가 많다.12분기 만에 수출 감소폭 최대…증권가 ""업황 더 나빠지진 않아""국내 철강업체들의 수출 부진이 심화하고 있다. 과잉생산을...",https://n.news.naver.com/article/newspaper/015/0005224203?date=20251215,경영,0.819613118,1
한국경제,[단독] 여천NCC 3공장 폐쇄…에틸렌 47만t 줄 듯,"한화·DL, 석화 사업재편 동참정부 ""롯데·여천 통폐합 추진""여천NCC가 전남 여수 석유화학단지 내 연간 47만t 규모의 에틸렌 생산용 나프타분해설비(NCC)를 폐쇄하기로 했다. 여천NCC 공동 주주인 한화솔루션과 DL케미칼의 갈등이 일단락돼 사업 재편에 속도가 붙기 시작했다. 정부는 생산량을 줄인 여천NCC와 여수 롯데케미칼 공장(123만t)을 통합하는 방안도 추진할 계획이다.14일 산업계와 금융당국 등에 따르면 한화솔루션과 DL케미칼은 일시적으로 가동을 중단한 여수 3공장을 없애는 데 뜻을 모았다. 정부가 추진하는 자율적 사업 재편에 동참하기 위해서다. 이 공장이 문을 닫으면 ‘석유화학 사업 재편’ 신호탄을 쏘아 올린 충남 대산 롯데케미칼 공장(110만t)을 더해 국내 에틸렌 생산량은 총 157만t 줄어...",https://n.news.naver.com/article/newspaper/015/0005224209?date=20251215,업계,0.808933193,1
한국경제,"""판 뒤집는다""…SK온, 20조 프로젝트 승부수에 업계 '초긴장'","""ESS 시장 판 뒤집는다""…SK온, LFP 배터리 생산서산공장 생산라인 전환 결정연간 3GWh 규모 '국내 최대'20조 공공 프로젝트 승부수SK온이 연간 3GWh(기가와트시)의 에너지저장장치(ESS)용 리튬·인산철(LFP) 배터리를 생산할 수 있는 시설을 국내에 짓기로 했다. SK온의 국내 첫 LFP 배터리 생산시설로, 국내 최대 규모다. LFP 후발 주자인 SK온이 국내 ESS 시장을 선점하기 위해 ‘승부수’를 띄웠다는 분석이 나온다.14일 업계에 따르면 SK온은 충남 서산 배터리 공장에 증설 중인 전기자동차용 삼원계 배터리 생산시설을 ESS 전용 LFP 생산라인으로 전환하기로 최근 결정했다. 시설이 완공되면 연간 3GWh 규모의 배터리를 생산한다. 대형 인공지능(AI) 데이터센터 40~50곳에 ESS를...",https://n.news.naver.com/article/newspaper/015/0005224207?date=20251215,업계,0.797196857,1
한국경제,北 감시할 고성능 위성 열쇠는 '센서 반도체',"우주청, 10㎝ 위성 개발 도전광학 위성 해상도 높이려면차세대 CCD 반도체 확보해야우주 관련 법 제도 정비 시급각종 보안 규제에 업계 한숨우주항공청이 지난 12일 업무보고에서 ‘10㎝급’ 초고해상도 광학위성 개발을 중장기 과제로 명시하면서 관련 기술 확보가 방위산업계의 과제로 떠올랐다. 해상도는 북한 등 한반도 주변의 군사 활동을 정찰·관측하는 위성 내 핵심 기술이다. 센서 반도체 국산화 여부가 초고해상도 위성 기술 자립의 관건이 될 전망이다.◇이미지 센서가 가른다우주청은 10㎝급 초고해상도 광학위성을 2029년까지 개발하겠다고 밝혔다. 사업비 445억원을 배정해 내년부터 개발한다. 10㎝급 위성은 우주에서 스마트폰 크기의 물체를 식별할 수 있는 수준이다. 글로벌 위성 시장에서 최고 해상도는 10~20㎝ ...",https://n.news.naver.com/article/newspaper/015/0005224198?date=20251215,기타,0.7681486,
매일경제,대형SUV 시장 '벌크업' 헤비급 경쟁 펼쳐진다,"올 국내 판매량 1년새 59% 쑥공간 활용성 높아져 인기몰이팰리세이드, SUV시장 이끌어아이오닉9·EV9 가파른 성장세캐딜락 에스컬레이드 IQ·BMW iX벤츠 GLC 등 수입차도 韓 공략국내 자동차 시장에서 실용성과 넓은 공간을 내세운 대형차 전쟁이 펼쳐지고 있다. 현대차 팰리세이드와 제네시스 GV80, 기아 EV9 등이 견고한 판매 흐름을 이어가는 가운데 '대형 스포츠유틸리티차량(SUV) 전쟁'의 주도권을 탈환하기 위한 글로벌 자동차 브랜드들의 공세로 경쟁이 한층 가열되는 모습이다.올해 1~10월 국내 대형 SUV 판매량은 총 8만5824대로 전년 동기 대비 59% 급증했다. 특히 현대차·기아의 존재감이 두드러진다. 현대차 팰리세이드는 구형(LX2) 1403대, 신형(LX3) 4만8764대를 기록해 총 5...",https://n.news.naver.com/article/newspaper/009/0005605746?date=20251215,업계,0.730056689,
매일경제,G20 무역규제 '역대최대'…1년새 74% 급증,"WTO ""수입규제 185건 늘어""전세계 너도나도 관세 올리자수입 제한된 상품 규모 4조弗내년엔 탄소·철강규제 줄줄이수출기업 많은 韓 타격 불가피최근 1년간 주요 20개국(G20)이 새로 도입한 무역 관련 규제가 역대 최고 수준인 것으로 나타났다. 규제 영향을 받은 상품 가치만 무려 4조1015억달러(약 6040조원)에 달하는 것으로 나타났다. 미국발 관세 인상과 보호무역주의 확산으로 각국이 자국 산업 보호에 골몰한 탓이다. 특히 내년에는 유럽연합(EU)의 탄소국경조정제도(CBAM), 철강 무관세 수입 쿼터 제한 등 한국 기업에 큰 영향을 줄 규제들이 줄줄이 기다리고 있다.14일 세계무역기구(WTO)가 G20의 최근 1년간 무역 현황을 모니터링한 보고서에 따르면, 지난해 10월 이후 올 10월까지 1년간 각국...",https://n.news.naver.com/article/newspaper/009/0005605835?date=20251215,경영,0.72021526,
한국경제,'엔비디아칩 中 수출' 트럼프에 공화당도 반기,"AI칩 中 수출 논란하원 中위원장, 상무장관에 서한'첨단 AI 수출 금지 법안' 발의도엔비디아 H200칩 증산 추진美AI차르 ""中, 미국칩 수입 거부""도널드 트럼프 미국 행정부가 중국에 엔비디아의 고성능 인공지능(AI) 칩 ‘H200’ 수출을 허용하자 미 의회에서 반발이 나오고 있다. 민주당뿐 아니라 집권 공화당에서조차 “미국의 전략적 이익을 해치는 결정”이라며 반기를 드는 분위기다. H200은 엔비디아의 최신 AI 칩 ‘블랙웰’보다 한 세대 전 모델이지만 현재 중국에 수출되는 H20보다 여섯 배가량 성능이 좋은 칩이다.◇H200 수출 금지 법안 발의14일 외신에 따르면 미국 하원 미중경쟁특별위원회의 존 물레나 위원장(공화당)은 행정부가 H200의 대중 수출 허용 결정을 내린 근거에 의문을 제기했다. 물레나...",https://n.news.naver.com/article/newspaper/015/0005224216?date=20251215,기타,0.69200149,1
매일경제,현대차 GV90 신차에 삼성 대신 퀄컴 반도체,차량용 반도체 협력 숨고르기배터리·디스플레이 협력 확대현대자동차가 내년 출시될 예정인 플래그십 세단 제네시스 GV90에 당초 예정했던 삼성전자 LSI사업부의 인포테인먼트용 반도체 '엑시노스 오토 V920' 대신 퀄컴의 차량용 반도체를 탑재하기로 했다.이를 두고 업계에서는 2년여간 이어져 온 삼성전자와 현대차의 차량용 반도체 협력이 '숨 고르기'에 들어갔다는 평가를 내놓고 있다. 삼성전자는 2023년 6월 차량용 프리미엄 인포테인먼트(IVI)용 프로세서인 '엑시노스 오토 V920'을 현대차에 공급하기로 했다고 발표하며 현대차와의 협력을 공식화한 바 있다.14일 삼성전자 차량용 반도체를 현대차 신차에 공급하는 방안이 미뤄진 것은 두 회사가 조직 내부 역량을 높이는 데 집중할 필요성이 커졌기 때문인 것으로 업계는...,https://n.news.naver.com/article/newspaper/009/0005605766?date=20251215,업계,0.676365057,
매일경제,"""비만 다음은 역노화…한국에 승산 있죠""","권석윤 생명연 원장 인터뷰비만이 만병의 근원이듯이노화는 모든 질환의 시작점위고비 넘는 히트작 나올것세계최고 의료·바이오 환경한국이 가장 잘할 수 있다""비만치료제 위고비를 넘어서는 블록버스터는 노화를 거스르고 신체를 젊게 되돌려주는 '역노화치료제'가 될 겁니다. 세계 최고 의료와 탄탄한 제약바이오 기반을 갖춘 한국이 가장 잘할 수 있어요. 지금 국가적 역량을 모아야 할 1순위 전략연구입니다.""권석윤 한국생명공학연구원(생명연) 원장은 최근 인터뷰에서 ""비만이 만병의 근원이라면 노화 역시 모든 질환의 시작점""이라며 이렇게 말했다. 노화는 생명체가 시간이 흐르며 생존과 생식력에 필요한 생리적 기능이 떨어지는 자연스러운 생명 현상이다. DNA 손상이 누적되거나 암 유발 유전자가 활성화되는 등 이유로 세포가 증식을 멈...",https://n.news.naver.com/article/newspaper/009/0005605853?date=20251215,업계,0.671746339,
동아일보,"현대차, 남미 최대시장 브라질 질주… 도요타 제치고 亞완성차 1위","18만2948대 판매… 맞춤전략 주효점유율 8%로 4위… 도요타 5위연말까지 판매량 20만대 넘길 듯“2032년까지 친환경차에 10억달러”현대자동차가 남미에서 가장 큰 자동차 시장인 브라질에서 일본 도요타를 제치고 아시아 완성차 업체 중 가장 많은 판매량을 기록하며 존재감을 키우고 있다.14일 현대차와 브라질자동차유통연맹(Fenabrave) 통계 등에 따르면 올해 1∼11월 현대차는 브라질 시장에서 승용차와 상용차를 합해 총 18만2948대를 판매했다. 점유율은 8.02%로 브라질 내 4번째로 높았다.특히 이 순위는 일본의 도요타보다 높은 순위여서 주목된다. 도요타는 같은 기간 브라질에서 총 15만8864대를 판매해 점유율 6.96%로 현대차에 이어 5번째였다. 1위는 이탈리아 피아트(48만377대, 21....",https://n.news.naver.com/article/newspaper/020/0003681699?date=20251215,업계,0.649079907,1
한국경제,"범용 D램 품귀가 부른 '가격 역전'…""내년 HBM보다 비싸져""",반도체 제조 HBM 생산 쏠림에D램 공급난 심화…수익성 곧 역전삼성전자·SK하이닉스 전략 수정HBM 유지하면서 D램도 투자인공지능(AI) 시대 고부가가치 D램의 대표 주자로 꼽힌 고대역폭메모리(HBM)와 ‘중저가 구형 제품’으로 치부된 범용 D램의 ‘기가바이트(GB)당 가격’ 격차가 좁혀지고 있다. 매출총이익(매출-원가)을 매출로 나눠 산출하는 수익성 지표 ‘매출총이익률’에선 내년 1분기부터 범용 D램이 HBM을 추월할 것이란 전망도 나온다. 반도체 제조사들이 한정된 생산능력을 HBM에 주로 배정하느라 범용 제품 공급이 부족해지자 빚어진 현상이다.14일 반도체업계에 따르면 올초까지만 해도 4~5배 차이가 나던 HBM과 범용 D램의 GB당 가격 격차가 계속 좁혀지고 있다. 내년 하반기께 공급이 본격화하는 HB...,https://n.news.naver.com/article/newspaper/015/0005224247?date=20251215,업계,0.641935141,1
한국경제,[알립니다] '한경바이오인사이트포럼 2026' 개최,"내년 2월25~27일 제주 롯데호텔한국판 JP모간 헬스케어 콘퍼런스를 지향하는 ‘한경바이오인사이트포럼 2026’이 내년 2월 25~27일 사흘간 제주 롯데호텔에서 열립니다.한국경제신문사가 주최하는 이번 행사에는 제약·바이오·의료·금융투자 업계 종사자 등이 참가해 인공지능(AI) 신약 개발, 항체약물접합체(ADC), 세포·유전자치료제(CGT), 더마코스메틱 등 최신 기술 트렌드와 이슈, 글로벌 기술 수출 및 임상 전략을 공유합니다. 국내 주요 병원장이 디지털 헬스케어 전략, 바이오업계와의 협력 방안을 논의합니다. 금융투자업계에서는 은행 증권사 벤처캐피털 등 제약·바이오 투자회사가 대거 참여해 투자 대상 기업을 만납니다. 보건복지부, 산업통상부, 중소벤처기업부, 식품의약품안전처, 한국거래소 등 정부기관 관계자가...",https://n.news.naver.com/article/newspaper/015/0005224166?date=20251215,업계,0.628416866,
한국경제,공공입찰 막힌 中 배터리는 '민간 ESS' 공략,정부 국산화 기조에 납품 뚝규제 적고 가격 민감도 높은국내 산업·주택용 시장 노려정부 공공입찰에서 연거푸 탈락한 중국 배터리회사들은 한국 상업용·주택용 에너지저장장치(ESS) 시장을 집중 공략하고 있다. 물량은 아직 적지만 정부 규제가 없는 시장에서 성장 가능성에 베팅하겠다는 전략이다.올해 1월 한국 법인을 설립한 중국 1위 배터리 생산업체 CATL이 대표적이다. CATL은 규제가 적고 가격에 민감한 민간 ESS 시장을 타깃으로 삼아 영업 활동을 벌이고 있다. 업계 관계자는 “국내 벤처기업에 태양광사업용 리튬·인산철(LFP) 배터리를 공급하는 계약의 마무리 절차를 밟고 있다”며 “영업 때마다 국내 업체보다 저렴한 가격을 강하게 어필하고 있다”고 전했다.중국 업체들이 민간 시장으로 눈을 돌린 건 공공입찰에서 ...,https://n.news.naver.com/article/newspaper/015/0005224262?date=20251215,업계,0.621550472,1
중앙일보,"[김한진의 마켓 나우] 대미 투자 3500억 달러, 흔들리는 원화","도널드 트럼프 미국 대통령은 지난 7월 7일 소셜미디어에 “8월부터 한국에 25% 상호관세를 부과하겠다”고 밝혔다. 이후 협상은 10월 말 경주에서 열린 한·미 정상회담에서 타결됐으며, 한국은 조선업 분야 1500억 달러를 포함해 총 3500억 달러를 미국에 투자하기로 했다. 대신 미국은 한국산 자동차 등 주요 품목의 관세를 15%로 인하하기로 합의했다.대규모 투자에 따른 외환시장 충격을 완화하기 위해 다양한 안전장치가 마련됐다. 핵심은 투자금을 성과가 확인될 때마다 나눠 지급하는 ‘기성고(milestone payment)’ 방식이다. 이는 단기간의 대규모 달러 유출을 막고, 외환시장 상황에 따라 투자 시점과 규모를 조정하기 위한 장치다. ‘상업적으로 합리적인 투자’만 집행한다는 조건도 내걸렸다.하지만 중장...",https://n.news.naver.com/article/newspaper/025/0003489738?date=20251215,경영,0.616848506,
한국경제,"이우일 ""친환경 사업 키워 5년 안에 매출 3배 점프""","'수산화칼륨 세계 1위' 유니드 부회장 인터뷰""1등 사업이 생존·성장 담보 안해가장 잘하는 걸로 신사업 진출""친환경 소재기업으로 제2 도약""기업에 탄소포집 장비 싸게 주고촉매제인 수산화칼륨 독점 공급잉크 팔아 돈버는 프린터와 비슷""수산화칼륨 이용해 전기분해그린수소 생산 등 사업 다각화도“내년부터 탄소 포집 장비와 그린수소 사업을 시작합니다.”반도체와 배터리 제조 공정 등에 쓰이는 수산화칼륨 세계 1위 기업 유니드가 친환경 기업으로의 변신을 선언했다. 이우일 유니드 부회장은 14일 한국경제신문과의 인터뷰에서 “기존 사업의 안정적인 현금 창출력을 바탕으로 친환경 분야를 유니드의 새로운 주력 사업으로 키울 것”이라며 이같이 밝혔다. 이 부회장은 그러면서 “5년 안에 이 분야에서만 1조5000억원의 매출을 낼 것”...",https://n.news.naver.com/article/newspaper/015/0005224249?date=20251215,업계,0.605387687,
동아일보,순풍 탄 K반도체… 삼성-SK ‘영업익 200조’ 연다,증권사들 내년 전망치 잇단 상향메모리 공급 부족에 가격 치솟아… 본격 슈퍼사이클 타고 실적 기대빅테크 맞춤형 AI칩 개발 경쟁… “삼성 HBM 출하량 내년 3배 늘듯”본격적인 반도체 ‘슈퍼사이클’(초호황기)이 시작되면서 삼성전자와 SK하이닉스 두 회사의 내년 영업이익 합계가 200조 원에 육박할 것이란 전망까지 나왔다. 12월 들어 주요 증권사들은 삼성전자와 SK하이닉스 두 회사의 내년 영업이익 전망치를 잇달아 상향 조정하고 있다.14일 증권가에 따르면 키움증권은 삼성전자의 2026년 연결 기준 영업이익 전망치를 107조6120억 원으로 상향했다. 이는 기존 증권가 컨센서스(최근 3개월간 증권사 추정치 평균)인 83조2420억 원 대비 29.3% 높은 수준이다. iM증권은 같은 기간 SK하이닉스의 내년 연결...,https://n.news.naver.com/article/newspaper/020/0003681744?date=20251215,경영,0.602739533,1
한국경제,"[사설] 철강 수출 팬데믹 이후 최악, 고부가 중심 산업재편 시급",올해 철강 수출이 2020년 코로나19 대유행 이후 최악으로 추락할 것이라고 한다. 대체데이터 플랫폼인 한경에이셀(Aicel) 분석에 따르면 철강 수출액은 미국의 50% 관세 부과에다 중국의 밀어내기 공세가 겹치면서 3년 연속으로 5% 넘게 뒷걸음질할 전망이다. 글로벌 수요 부진과 극심한 가격 경쟁 탓에 벼랑 끝으로 내몰린 철강업계가 위기에서 벗어날 돌파구를 찾기는커녕 더 깊은 수렁에 빠져들고 있다는 얘기다. 이런 가운데 미국뿐만 아니라 유럽연합(EU)도 철강산업 보호를 위해 무역 장벽을 높이고 있다.철근 형강 강관 등 범용 제품을 생산하는 중소 철강회사 상당수는 더는 버티기 힘든 한계 상황에 놓였다. 78년 역사의 강관 제조사인 미주제강이 제살 깎아 먹기식 가격 경쟁을 견디지 못하고 지난 9월 결국 문을 ...,https://n.news.naver.com/article/newspaper/015/0005224288?date=20251215,업계,0.576835731,
매일경제,[이덕주의 전자만사] 30년전 이건희 편지가 젠슨황을 일깨웠듯이 삼성전자 혁신적 제품 美빅테크 성공 밑거름,"젠슨황이 상기시킨 삼성전자 저력지난 10월 30일 젠슨 황 엔비디아 최고경영자(CEO)와 이재용 삼성전자 회장, 정의선 현대자동차그룹 회장이 서울에서 만났습니다. 아주 짧은 시간의 만남이었지만 한국 사회에 많은 놀라움을 던져줬습니다. 세 사람의 만남만큼이나 화제가 된 것은 황 CEO가 공개한 이건희 삼성 선대회장의 편지였는데요. 황 CEO가 1996년 한국에 처음 오게 된 것이 이건희 회장이 황 CEO에게 쓴 편지 때문이었다는 것입니다. 그 편지에는 이건희 회장이 가지고 있던 세 가지 비전이 담겨 있었습니다.첫째, 한국의 모든 시민을 초고속인터넷으로 연결하고 싶다는 것.둘째, 한국에 첨단 기술을 가져올 수 있는 애플리케이션(앱)이 게임이라고 생각한다는 것.셋째, 세계 최초로 한국에 비디오게임 월드컵을 열고 ...",https://n.news.naver.com/article/newspaper/009/0005605783?date=20251215,경영,0.557392281,
한국경제,자가면역질환 치료제 '램시마'…의약품 생산액 2년 연속 1위,"작년 3800억원 규모 생산글로벌 매출 1조원 넘겨케이캡·나보타도 약진셀트리온의 자가면역질환 치료제 ‘램시마주’(사진)가 2년 연속 국내 의약품 생산액 1위를 차지한 것으로 나타났다.14일 제약·바이오업계에 따르면 국가데이터처 국가통계포털(KOSIS) 9월 집계 기준 ‘램시마주100㎎’ 작년 생산액은 약 3800억원으로 국내 상위 20개 의약품 중 1위다.이 약은 2023년에도 생산액 약 2300억원으로 1위였다. 1년 만에 생산액이 63% 증가했다.램시마는 셀트리온이 세계 최초로 개발한 항체 바이오시밀러(바이오의약품 복제약)로 크론병, 강직성 척추염, 궤양성 대장염, 류머티즘성 관절염 등에 쓰인다. 작년 글로벌 매출 1조원을 넘겼다. 2, 3위는 HK이노엔의 ‘케이캡정50㎎’(1730억원)과 대웅제약의 ‘...",https://n.news.naver.com/article/newspaper/015/0005224167?date=20251215,업계,0.453020071,
중앙일보,너무 잘 팔려서 고민…삼성 '트라이폴드' 대박에 못웃는다 왜,"서울 최저 기온이 영하 3도까지 떨어진 지난 12일 오전 8시, 직장인 정모(29)씨는 오전 반차를 내고 서울 서초구에 위치한 ‘삼성 강남’ 매장 앞에 줄을 섰다. 삼성전자의 첫 두 번 접는 폴더블 스마트폰, ‘갤럭시 Z 트라이폴드’를 구매하기 위해서다. 정씨 앞에는 이미 80여명이 대기 중이었다. 오전 9시30분, 온라인 판매가 시작되자 정씨 역시 모바일로 접속했지만 2분만에 먹통이 됐다. 정씨는 “물량이 많지 않다고 해 오픈런을 했고 온라인 구매에도 도전했다”며 “다행히 오전 11시20분쯤 매장에서 구매할 수 있었다”고 말했다.14일 정보통신(IT) 업계에 따르면 삼성전자는 지난 12일 갤럭시 Z 트라이폴드를 국내에 출시한 직후 초도 물량을 모두 소진했다. 제품에 대한 평가도 긍정적이다. 하지만 흥행에도...",https://n.news.naver.com/article/newspaper/025/0003489785?date=20251215,기타,0.451127625,
매일경제,챗GPT 독주 끝…제미나이와 '2강' 체제로,"국내 AI 시장 지각변동챗GPT 점유율 여전히 높지만신규 설치건수는 계속 하락성능 호평 제미나이 이용자 쑥국내 생성형 인공지능(AI) 시장에서 오픈AI 챗GPT의 독주가 계속되는 가운데 최근 구글의 '제미나이 3' 이용자가 급격히 늘어나며 빠르게 존재감을 키우고 있는 것으로 나타났다. 14일 데이터 테크기업 아이지에이웍스 모바일인덱스에 따르면 구글이 제미나이 3를 출시한 지난달 17일 이후 같은 달 23일까지 일주일 동안 오픈AI 챗GPT의 주간활성이용자(WAU)는 869만3560명으로 집계됐다.이후 11월 24~30일과 12월 1~7일에는 각각 880만475명, 875만4798명을 기록하며 생성형 AI 중 국내 이용자 1위 자리를 굳건히 유지했다.다만 챗GPT 신규 설치 건수는 같은 기간 첫째 주 20만2...",https://n.news.naver.com/article/newspaper/009/0005605809?date=20251215,기타,0.412441505,
매일경제,내연부터 전기차까지…포르쉐코리아 '쾌속 질주',"부세 사장 취임 1년 혁신 성과올해 1~3분기 판매 38% 껑충내년 국내 서비스센터 두배로포르쉐코리아가 올해 내연기관부터 순수전기차까지 제품 포트폴리오를 대폭 넓히며 본격적인 실적 개선 토대를 놨다.포르쉐 AG는 6개 모델 라인업 중 5개를 업데이트하면서 올해 브랜드 역사상 가장 많은 제품을 출시했다. 포르쉐코리아도 그 어느 때 보다 다양한 신차를 국내 시장에 선보였다. 올해 상반기에만 파나메라 GTS, 타이칸 터보 GT 바이작 패키지, 마칸 일렉트릭, 타이칸 GTS를 출시했다. 하반기에는 타이칸 블랙 에디션, 신형 911 GT3와 911 GT3 투어링 패키지, 911 스피릿 70까지 국내에 출시하며 폭넓은 세그먼트를 선보였다. 내연기관부터 플러그인 하이브리드카, 혁신적인 순수 전기차 등 3개 타입 파워트레...",https://n.news.naver.com/article/newspaper/009/0005605749?date=20251215,경영,0.411047094,
매일경제,[매경데스크] 대통령이 무역의 날 패싱한 까닭,"무역입국 공로 큰 무역협회코엑스몰 등 임대수익 늘자수출진흥 핵심 기능 등한시내년 무역협회 설립 80주년수출진흥 집중할 개혁 준비제62회 무역의날 기념식이 지난 4일 한국무역협회 주관으로 코엑스에서 열렸다(무역의 날은 5일이지만 행사는 하루 앞섰다). 미국 행정부의 관세 공세에도 불구하고 역대 최대 수출 실적(1~11월 누적 6402억달러)을 달성한 것을 자축하는 기념비적 행사였다. 598명 유공자에게 포상이 이뤄졌고, 1689개 기업에 수출의 탑이 수여됐다.이 역사적인 행사에 이재명 대통령은 모습을 보이지 않았다. 대통령이 무역의 날 행사를 건너뛴 것은 이례적이다. 박정희·노태우 대통령이 서유럽 순방 일정이 겹쳐 한 차례씩 빠졌고, 박근혜·윤석열 대통령이 각각 탄핵과 계엄 여파로 불참한 것을 제외하면 현직 ...",https://n.news.naver.com/article/newspaper/009/0005605801?date=20251215,경영,0.382156171,
한국경제,"日, 이달 기준금리 인상 유력…30년만에 年 0.5% 넘을 듯",18~19일 금리결정 회의일본은행이 오는 18~19일 금융정책결정회의에서 기준금리를 연 0.5%에서 0.75%로 인상할 것이 유력시된다고 니혼게이자이신문 등 일본 언론이 14일 보도했다. 기준금리가 연 0.75%로 오르면 30년 만에 최고 수준이 된다.일본은행은 1990년대 ‘거품 경제’가 붕괴하면서 1995년 9월 기준금리에 해당하는 공정이율을 연 1.0%에서 연 0.5%로 낮췄다. 이후 기준금리가 연 0.5%를 넘은 적이 없다. 앞서 우에다 가즈오 총재 등 일본은행 집행부는 기준금리 인상을 시사했다. 정책위원 9명 중 절반 이상이 기준금리 인상을 지지할 것으로 니혼게이자이는 전망했다. 일본은행이 이달 기준금리를 올리면 올해 1월 이후 11개월 만이다.최근 일본은행 내에서는 미국이 부과한 관세가 일본 경기...,https://n.news.naver.com/article/newspaper/015/0005224254?date=20251215,경영,0.330867725,1
매일경제,"원화값 1480원대 근접 … 정부 ""약세에 베팅말라""","긴급 경제장관 간담회외국인 역외선물환서 큰 영향연기금 활용, 시장에 신호줄듯달러당 원화값이 1480원까지 하락할 조짐을 보이자 정부가 긴급 회의를 열어 대응책 마련에 나섰다.14일 구윤철 경제부총리 겸 기획재정부 장관은 관계기관 합동으로 '긴급 경제장관 간담회'를 주재하고 국내외 금융·외환시장 동향을 점검하며 대응 방향을 논의했다. 이날 회의에는 이억원 금융위원회 위원장, 이창용 한국은행 총재, 이찬진 금융감독원장, 하준경 대통령실 경제성장수석, 이스란 보건복지부 1차관, 박동일 산업통상부 산업정책실장이 참석했다. 복지부·산업부까지 논의에 참여했다는 것은 외환시장의 주요 수급 주체인 국민연금 해외 투자분과 수출 업체 달러 보유분까지 포괄적으로 살펴본다는 의미로 풀이된다.달러당 원화값은 지난 12일 야간 거래...",https://n.news.naver.com/article/newspaper/009/0005605919?date=20251215,경영,0.299810114,1
중앙일보,[박은정의 생활독성 이야기] 상업주의 문화와 청소년 피부에 켜진 경고등,"피부는 인간이 일상생활 속에서 유해물질에 노출되는 대표적인 경로 중 하나다. 독성학에서는 피부독성으로 분류하여 피부 부식성·자극성·민감성을 주로 연구한다. 이 피부독성 분야에 최근 경고등이 켜지기 시작했다. 10대들을 위한 뷰티 제품 시장이 대중화라는 사회적 분위기 속에서 급속도로 성장한 것이 그 첫째 이유다. 2000년대 초, 성인 여성들을 대상으로 한 화장품 시장이 포화상태에 이르자, 화장품 업체들은 외모에 민감한 청소년들과 성인 남성을 대상으로 한 브랜드를 출시하기 시작했다. 그러나, 색조 화장에 대한 기성세대들의 부정적인 인식이 큰 걸림돌이었다. 업체들은 광고에서 저자극·저독성 성분을 강조하며 부모들을 설득하기 시작했다. 소녀 감성을 자극하는 용기 디자인, 서포터즈 운영, 유명 아이돌을 광고 모델로 ...",https://n.news.naver.com/article/newspaper/025/0003489745?date=20251215,업계,0.296585138,
동아일보,실업자+취업준비+쉬었음… ‘일자리 밖 2030’ 159만명,"취업 한파 30대까지 확산 영향지난달 4년만에 최대 규모 기록‘여윳돈’ 줄어 양극화 심화 우려지난달 일자리를 구하지 못하거나 취업 준비 등으로 일을 하지 않은 2030세대의 ‘일자리 밖’ 인구가 약 159만 명에 이르는 것으로 나타났다.14일 국가데이터처 마이크로데이터에 따르면 이 같은 ‘일자리 밖’의 20대와 30대는 158만9000명으로 집계됐다. 전체 20, 30대 인구 1253만5000명의 12.7%에 이른다. 구직활동을 했지만 일자리를 구하지 못한 실업자 35만9000명, 학원에 다니는 등의 취업준비생 51만1000명, 그냥 쉰 71만9000명을 합친 숫자다. 이 가운데 취업준비생과 ‘쉬었음’ 인구는 구직활동도 하지 않은 비경제활동인구에 속한다.일하지 않는 20, 30대는 신종 코로나바이러스 감염증...",https://n.news.naver.com/article/newspaper/020/0003681684?date=20251215,경영,0.283063383,1
한국경제,ICT 수출 '사상 최대'…반도체 호황이 견인,11월 254.5억弗…무역수지도↑줄었던 대미수출 두달째 증가세반도체 수출이 사상 최대를 기록하면서 지난달 정보통신기술(ICT) 수출과 무역수지가 역대 최고치를 새로 썼다. 관세 영향으로 감소세를 보이던 대미 ICT 수출도 반도체의 선전에 힘입어 두 달 연속 증가세를 이어갔다.14일 산업통상부와 과학기술정보통신부가 발표한 ‘11월 ICT 수출입 동향’에 따르면 지난달 ICT 수출은 254억5000만달러로 집계됐다. 직전 최고치인 9월의 254억달러를 근소하게 웃돌며 사상 최대치를 기록했다. 지난해 같은 기간(204억8000만달러)과 비교하면 24.3% 증가했다.무역수지도 126억9000만달러 흑자를 기록하며 7년 만에 사상 최대를 달성했다. 종전 최고치는 반도체가 호황이던 2018년 9월 기록한 122억800...,https://n.news.naver.com/article/newspaper/015/0005224261?date=20251215,경영,0.272932768,
매일경제,"VIG, 보톡스제조社 인수추진","3호펀드 회수작업에 속도사모펀드(PEF) 운용사 VIG파트너스가 3호 블라인드 펀드 회수 작업에 속도를 내는 동시에 미용·의료기기 분야를 중심으로 신규 투자 사이클을 가동하고 있다.14일 투자은행(IB) 업계에 따르면 VIG파트너스는 현재 보툴리눔 톡신(보톡스) 생산 기업 ATGC 인수를 추진하고 있다. 인수 형태는 최근 VIG가 경영권을 확보한 미용의료 장비 기업 울트라브이가 ATGC의 제3자 배정 유상증자에 참여해 지분을 확보하는 방식이 유력하다. 기존 포트폴리오로 밸류체인을 확장하는 볼트온 전략의 연장선으로 풀이된다.VIG는 올해 초 LG화학의 에스테틱 사업부를 인수한 데 이어 미용의료 장비 제조사 비올을 품으며 관련 산업 내 존재감을 빠르게 키워왔다. 필러, 스킨부스터, 미용의료 장비에 이어 보툴리눔...",https://n.news.naver.com/article/newspaper/009/0005605831?date=20251215,업계,0.262552413,
한국경제,"美 금리 인하에도 '주춤'…비트코인, 내년엔 반등할까","내년 비트코인 전망은셧다운 여파로 유동성 부족두달전보다 20% 넘게 하락호재에도 약세 이어지자전문가, 가격 전망치30만弗서 15만弗로 낮춰내년 전망 팽팽히 엇갈려""4년 주기론 따라 약세""""유동성 회복되면 새 고점""연말을 앞두고 비트코인 가격이 약세를 면치 못하고 있다. 미국 중앙은행(Fed)이 기준금리를 낮추면 비트코인 가격이 반등할 것이라고 기대한 시장 참여자가 많았지만, 이달 기준금리 인하가 단행된 이후에도 비트코인 시세는 횡보하고 있다. 주요 기관은 비트코인 가격 전망치를 하향 조정하며 장밋빛 전망을 수정 중이다. 시장에선 내년 비트코인 가격의 향방을 두고 강세론과 약세론이 팽팽히 맞서고 있다.◇약세 이어지는 비트코인14일 국내 암호화폐거래소 업비트에 따르면 비트코인 가격은 지난 12일 오후 4시 1억...",https://n.news.naver.com/article/newspaper/015/0005224182?date=20251215,경영,0.256255844,
중앙일보,아세안 Z세대가 말했다 “심쿵”…말레이시아 홀린 한류 박람회,말레이시아 쿠알라룸푸르에 사는 대학생 아이샤(24)는 K푸드·K뷰티에 푹 빠졌다. ‘쇼피(동남아 최대 이커머스)’에 로그인하면 즐겨찾기 목록에 ‘불닭볶음면’ ‘조선 뷰티’ ‘클리오’ 같은 한국 제품이 줄줄이 뜬다. 그는 “한류 박람회가 열린다는 소식을 듣고 ‘심쿵(심장이 쿵)’했다”며 심쿵을 한국어로 또박또박 말했다.아이샤 같은 아세안 Z세대(1990년대 중반~2000년대 초반에 태어난 세대)를 사로잡은 한류 박람회가 12월 11~13일(현지시간) 쿠알라룸푸르 인근 선웨이 피라미드 컨벤션센터에서 열렸다. 한류 박람회는 산업통상부가 주최하고 대한무역투자진흥공사(KOTRA)가 주관하는 행사다. 한국 중소·중견 기업 소비재를 알리고 수출 판로를 뚫기 위해 2010년부터 매년 세계 각지에서 열고 있다. 쿠알라룸푸르...,https://n.news.naver.com/article/newspaper/025/0003489716?date=20251215,업계,0.248500299,
한국경제,첨단산업 성장에…460조 특수강 시장 열린다,"원전해체·항공우주 수요 견인포스코·한화오션 강재 MOU두산에너빌은 '캐스크' 집중방산 소재 특수합금도 부상범용 철강 제품과 달리 글로벌 특수강 시장은 꾸준한 성장이 예상되고 있다. 원전과 항공우주, 신재생에너지 등 첨단산업 관련 수요 증가 덕분이다.14일 시장조사업체 글로벌리서치인사이트에 따르면 세계 특수강 시장 규모는 2033년 3162억달러(약 466조6500억원)에 달할 전망이다. 지난해 2451억달러 규모에서 9년간 약 30% 커질 것으로 예상된다. 작년 글로벌 친환경 인프라 조성 사업에 들어간 특수강 사용량은 1년 전보다 48% 급증했다. 풍력·태양광 등 야외에서 장시간 가동하는 친환경 발전시설은 부식을 견딜 수 있는 특수강 적용이 필수적이다.특수강은 일반 탄소강에 합금 원소를 첨가하거나 특별한 공...",https://n.news.naver.com/article/newspaper/015/0005224260?date=20251215,업계,0.242217652,
한국경제,"獨 머크 ""IT 강국 한국서 AI 신약 개발""",크리스토프 하만 韓 대표KAIST와 7개 연구 진행바이오프로세싱 센터도 건립희소질환 치료제 개발에 집중전체 항암제가 급여로 등재1668년 독일에서 설립된 머크는 세계에서 가장 오래된 제약·바이오 기업으로 꼽힌다. 긴 역사만큼이나 다양한 포트폴리오를 자랑하지만 최근 머크의 행보는 다른 글로벌 빅파마들과는 다르다. 대규모 환자군을 대상으로 한 블록버스터 약물 경쟁 대신 환자는 적지만 치료 대안이 없는 희소질환 분야에 집중하고 있다.한국머크 역시 마찬가지다. 지난 12일 서울 삼성동 본사에서 만난 크리스토프 하만 한국머크 헬스케어 대표는 “환자가 적다는 이유로 글로벌 제약사의 투자 우선순위에서 밀리는 사각지대를 없애는 것이 머크의 핵심 전략”이라며 “한국 시장의 특수성을 고려해 희소질환과 난임 문제 해결에 주력할...,https://n.news.naver.com/article/newspaper/015/0005224169?date=20251215,업계,0.218092853,
조선일보,“현대차가 진짜 사장” 원청에 성과급 인상 요구한 하청 노조,"한화오션 상생안 후폭풍현대차 비정규직지회는 지난 12일 울산시 현대차 울산공장 앞에서 결의 대회를 열고 “‘진짜 사장’인 현대차가 나서 성과급을 올려라”고 주장했다. 이들은 현대차와 직접 근로계약을 맺지 않은 하청업체 노동자들로, 현대차 공장에서 보안·미화·급식 등 업무를 맡고 있다. 원래는 자신들이 속한 하청업체 경영진을 찾아가야 하는 사안인데, 이날 현대차를 ‘진짜 사장’으로 지칭하면서 성과급 인상을 요구한 것이다.이를 놓고 경영계에선 “지난 11일 이재명 대통령의 발언을 통해 외부에 알려지게 된 한화오션 사례의 여파”란 분석이 나온다. 한화오션은 하청업체에도 본사와 같은 비율로 성과급을 지급해주기로 했는데, 이 같은 결정이 노동계에서 새로운 기준이 될 수 있다는 것이다. 특히 현대차는 구매 협력사까지 ...",https://n.news.naver.com/article/newspaper/023/0003946911?date=20251215,경영,0.214701039,
한국경제,"中, 車 출혈경쟁 금지","중국 정부가 자동차업계의 출혈경쟁 막기에 나섰다.14일 중국 경제 매체 차이신에 따르면 국가시장감독관리총국은 최근 ‘자동차업계 가격 행위 규범 준수 가이드라인’을 통해 “자동차 생산업체와 판매업체가 손해를 보고 차를 팔 경우 중대한 법률 리스크에 직면할 것”이라고 경고했다.당국은 “법규에 맞는 재고 처분을 위한 자동차 가격 인하 외에 생산·판매업체가 경쟁사 배제나 시장 독점을 목적으로 부당하게 가격을 낮추는 행위를 해선 안 된다”고 명시했다. 또 “자동차업체가 생산비용보다 낮은 가격으로 딜러와 무역업체에 공급해서는 안 되고, ‘양품을 품질이 낮은 제품으로 위장’하는 등 여러 수단으로 변칙적 가격 인하를 해서도 안 된다”고 강조했다.자동차 판매 과정에 관한 구체적 요구 사항도 가이드라인에 넣었다. 판매업체가 ...",https://n.news.naver.com/article/newspaper/015/0005224252?date=20251215,경영,0.196141174,
중앙일보,네이버-토스 ‘결제 전쟁’ 붙었다…근데 카카오는 왜 불구경만 해?,"네이버·토스 ‘오프라인 결제’ 한판승부경제+토스와 네이버가 오프라인 결제 시장이란 외나무 다리에서 만났다. 그간 사업 영역에서 두 회사는 크게 부딪칠 일이 없었다. 늘 그랬던 것처럼 네이버가 증권사, 은행들과 직접 경쟁하는 대신 협력하는 방식의 ‘간접 진출’을 택했기 때문이다. 대신 토스는 카카오(카카오페이증권, 카카오뱅크)와 일전을 벌이며 몸집을 키워왔다. 그런 두 회사가 오프라인 결제 단말 시장을 놓고 전면전 태세다. 선점한 토스와 추격하는 네이버페이, 이 전쟁의 승자는 누가 될까. 치열한 경쟁을 하는 두 회사는 왜 얼굴결제 상용화 분야에선 한 배를 탄 걸까. 원조 온라인 결제 강자, 카카오페이는 왜 이 시장과 거리를 두는 걸까. 지금 가장 뜨거운 오프라인 결제 시장의 미래는 어떻게 흘러갈지 심층 분석했...",https://n.news.naver.com/article/newspaper/025/0003489789?date=20251215,경영,0.177502722,
매일경제,"""누가 한국선 살아남지 못한다 했나""…3분만에 완판 볼보 V60 크로스컨트리","한정판 모델 '포레스트 레이크'세단과 SUV 장점 결합한 왜건국내 고객 맞춤 인포테인먼트트렁크공간 1431ℓ 달해 넉넉스포츠유틸리티차량(SUV) 강세에 밀려 왜건은 살아남지 못한다는 한국 시장에서 완판 신화를 이끈 차가 있다. 스웨덴의 혹독한 겨울을 이기고 한국에 상륙한 볼보 V60 크로스컨트리(V60CC)다.11월 온라인으로만 판매한 한정판 모델 '포레스트 레이크 에디션'이 단 3분 만에 전량 완판됐다.크로스컨트리는 SUV의 성능과 세단의 승차감을 더해 볼보가 내놓은 독창적 라인업이다. 국내에서 판매 중인 라인업은 V60CC, V90CC, EX30CC가 있다. 대표 모델은 V60CC다.높은 지상고와 험로에서 차체를 보호할 수 있는 견고한 외관이 특징이다. 전면 실드와 전후면 스키드 플레이트, 보디 컬러와 ...",https://n.news.naver.com/article/newspaper/009/0005605750?date=20251215,기타,0.167256342,
매일경제,"""더 못미뤄""… 여수·울산 석화 구조조정안 금주 제출","여수, 여천NCC 3공장 셧다운롯데케미칼 에틸렌 생산 감축컨설팅받은 LG화학·GS칼텍스구조개편안 이번주 제출키로울산은 에쓰오일 참여가 변수정부가 국내 석유화학 기업들을 향해 이번주 안으로 구조개편안을 제출하라고 사실상 최후통첩을 보냈다. 글로벌 공급과잉과 수익성 악화로 장기 침체에 빠진 석유화학 산업에 대해 더 이상 시간을 끌 수 없다는 판단에서다.14일 재계에 따르면 산업통상부는 최근 주요 석유화학 기업들을 상대로 시설 감축, 사업 통합, 법인 인수·합병(M&A) 등을 포함한 구체적인 구조조정 방안을 이번주 내에 제출하라고 요구한 것으로 전해졌다. 이에 따라 이미 구조개편안을 제출한 서산 산업단지를 비롯해 여수와 울산 석유화학단지 기업들도 외부 컨설팅 결과를 늦어도 19일까지 산업부에 제출할 예정이다.정부...",https://n.news.naver.com/article/newspaper/009/0005605918?date=20251215,업계,0.164954469,
조선일보,20·30대 쉬었음 남성 46만명... 집계 이래 최다,"제조·건설업 중심 취업난에 2년 연속 증가세... 여성은 감소제조·건설업 등 주력 산업 중심의 취업난이 장기화하면서 일도, 구직 활동도 하지 않는 20·30대 ‘쉬었음’ 응답 남성이 지난달 집계 이래 최다인 46만명 수준까지 늘었다.14일 국가데이터처의 경제활동인구 조사 결과에 따르면, 지난달 20·30대 쉬었음 인구는 71만8968명으로 1년 전보다 3.4% 증가했다. 이 연령대 남성 쉬었음 인구가 46만2073명으로 전년 동월 대비 9.7% 늘어난 영향이 컸다. 관련 통계가 집계되기 시작한 2014년(28만2957명) 이후 11월 기준 가장 많다. 저출생으로 20·30대 인구가 꾸준히 줄어드는 가운데 이 연령대 남성 쉬었음 인구는 작년부터 2년 연속 늘었다.20·30대 여성 쉬었음 인구(25만6895명)...",https://n.news.naver.com/article/newspaper/023/0003946834?date=20251215,경영,0.159025652,1
매일경제,"[단독] 中企 새 희망 'AX'… 창원 부품사, GM 핵심 협력사 됐다",K제조업 AI파워업AI로 생산성 높이고 불량 줄여BYD·마힌드라 공급도 앞둬◆ 창간 60주년 K제조업 AI파워업 ◆자동차 조향장치에 들어가는 부품을 생산하는 태림산업이 최근 미국 자동차 업체 제너럴모터스(GM)의 1차 벤더로 승격했다. 최근 국내 완성차 업체들이 생산기지를 해외로 이전하면서 국내 자동차 부품 업체가 타격을 입고 있는 가운데 경남 창원에 위치한 이 중소기업은 '인공지능(AI) 대전환(AX)'에 성공하며 GM의 최상위 협력사 위치로 올라선 것이다.14일 자동차 업계에 따르면 태림산업은 GM의 1차 벤더가 돼 부품 공급에 돌입했다. 2019년부터 GM에 부품(I-샤프트)을 공급한 지 6년 만에 이룬 쾌거다.GM과 같은 글로벌 자동차 메이커의 1차 협력 업체가 되려면 고도의 기술력이 필수다. GM이...,https://n.news.naver.com/article/newspaper/009/0005605878?date=20251215,기타,0.156259061,
매일경제,돌아온 리서치 명가 … 신한證 10년만에 1위,"2025 매경 베스트 애널리스트6개 부문서 베스트 왕좌 탈환9년 연속 1위 하나증권 2위로화학·정유 윤재성 10년째 '톱'3위 메리츠 6명 베스트 등극해디지털화폐 첫 1위 NH 홍성욱국내 최고 권위를 자랑하는 매경이코노미 베스트 애널리스트 평가에서 신한투자증권이 종합 1위를 거머쥐었다.매경이코노미·나이스디앤알이 공동으로 2025년 베스트 애널리스트를 선정한 결과, 신한투자증권은 6개 부문에서 베스트를 기록해 10년 만에 왕좌를 탈환했다. 10연패를 노리던 하나증권은 베테랑들이 미끄러지며 아쉬움을 남겼다. 베스트 6명을 배출해 신한투자증권과 동률인 메리츠증권은 3위에 올라 다음 평가에 대한 기대감을 키웠다.1위 신한투자증권은 22개 부문에서 5위권 성적을 내 리서치 명가(名家) 위상을 되찾았다. 한때 간판 애...",https://n.news.naver.com/article/newspaper/009/0005605786?date=20251215,업계,0.150131226,
매일경제,"K게임사, 플랫폼 키워 '한국판 스팀' 노려",게임 구매·아이템 결제부터이용자 소통 커뮤니티까지플랫폼 안에서 모두 가능충성고객 확보해 매출 확대구글·애플에 낼 수수료 줄여수익성 개선까지 '일석이조'국내 대표 게임사들이 게임과 아이템 결제부터 이용자들이 소통할 수 있는 커뮤니티 기능까지 통합한 자체 플랫폼을 강화하고 있다. 처음에는 PC와 모바일 환경을 오가며 게임을 즐기는 '크로스 플레이'를 지원하기 위해 만들었다. 최근에는 자사 게임 관련 재화를 구입할 수 있는 기능을 추가하고 해외 유명 게임사의 대작과 국내 인디 게임까지 판매하는 '게임 오픈마켓'으로서의 역할도 키우고 있다.14일 게임 업계에 따르면 엔씨소프트는 지난달 출시한 '아이온2'와 기존 리니지 시리즈에 PC 플랫폼 '퍼플'을 통한 자체 결제 시스템을 도입했다.이전에는 모바일뿐 아니라 PC ...,https://n.news.naver.com/article/newspaper/009/0005605812?date=20251215,경영,0.149866037,
한국경제,[백승현의 시각] 누구를 위한 정년연장일까,"더불어민주당이 올해 내 입법을 공언했던 정년 65세 연장 논의가 ‘다행히’ 공전하고 있다. 주무 부처인 고용노동부가 지난 11일 내놓은 10쪽짜리 ‘2026년 업무보고’ 보도자료엔 정년 연장이라는 단어는 딱 한 번 등장했고, 생중계된 업무보고 회의에서 이재명 대통령도 “정년 연장 문제는 논란이 좀 많던데…”라며 언급을 자제했다. 속도전으로 밀어붙이던 국정과제에 브레이크가 걸린 모양새다.우연일까. 세밑 한파가 몰아치는 요즘 자고 나면 뉴스에서는 산업계 전반의 희망퇴직 소식이 끊이지 않고 있다. 1960년대생이 일거에 정리됐다는 기업의 임원 인사 소식은 별나라 얘기로 치더라도, 고작 만 45세면 이미 정리 대상이 된 지 오래다. 그런가 하면 농어촌이나 뿌리산업 공장을 주로 보여주는 TV 프로그램에 등장하는 근로...",https://n.news.naver.com/article/newspaper/015/0005224290?date=20251215,기타,0.1480998,
조선일보,"조미김 美 수출 관세 ‘면제’... 올해 대미 김 수출, 전년 대비 15.9% 늘어","우리나라 김의 최대 해외 수요처인 미국이 우리 김에 대한 관세를 면제한 것으로 나타났다. 업계에서는 한국 김의 인기가 높은 미국에서 15%를 부과하던 관세가 0%로 되면서 김 수출이 한층 늘 것으로 기대하고 있다.해양수산부는 지난달 미국 백악관이 발표한 상호 관세 관련 팩트시트(설명 자료)에 수산물 중 유일하게 조미김이 무관세 품목으로 기재됐다고 14일 밝혔다. 다만 마른김은 다른 수산물과 마찬가지로 15%의 상호 관세가 유지된다.해수부에 따르면, 조미김 무관세는 통관 날짜 기준 지난달 13일부터 적용됐다. 김은 K-푸드 수출 상위 품목 가운데 유일하게 미국에서 관세를 면제받은 것으로 알려졌다. 트럼프 정부의 상호 관세 부과에도 올 들어 지난달까지 대미(對美) 김 수출액은 2억2800만달러(약 3400억원)...",https://n.news.naver.com/article/newspaper/023/0003946798?date=20251215,기타,0.146142071,
중앙일보,"""3세대 MASH 치료제 선도하자"" 글로벌 제약사들 각축전 [Health&]","지방간 치료제 개발 최신 동향FGF21, 섬유화 3~4단계까지 치료제약사 100억 달러 넘게 투자 경쟁유한양행 ‘YH25724’ 국내 첫 개발미·일·유럽 글로벌 1상 시험 마쳐지방간 질환 치료제 시장이 새로운 전환점을 맞았다. 2023년 비알코올성 지방간염(NASH) 명칭이 ‘대사이상 관련 지방간염’(MASH)으로 공식 개편되고, 2024년 첫 승인 치료제(레즈디프라)가 등장하면서다. 그동안 치료 옵션이 부족했던 분야에서 선택지가 넓어지자 시장은 경쟁 국면에 들어섰다. 글로벌 제약기업들은 간·대사 질환을 차세대 성장 동력으로 삼고, 대규모 인수·제휴 전략을 펼치고 있다.MASH 치료제 개발의 중심축도 달라졌다. 초기 THR-β 기반의 1세대 약물에서 GLP-1 등 인크레틴 기반의 2세대를 거쳐 최근엔 ‘FG...",https://n.news.naver.com/article/newspaper/025/0003489795?date=20251215,경영,0.132647483,
매일경제,현대 '디올 뉴 넥쏘' 안전 최고 … 유럽 평가서 ★★★★★ 등급,"현대차 수소전기차 '디 올 뉴 넥쏘'(사진)가 유럽에서 최고 수준의 안전성을 공식 인정받았다.현대차는 14일 넥쏘가 유럽 신차 안전성 평가 프로그램 '유로 NCAP'에서 최고 등급인 별 다섯을 받았다고 밝혔다. 넥쏘는 충돌 상황에서도 승객 공간을 안정적으로 유지하고 다양한 첨단 안전 사양이 탑재된 점을 인정받아 최고 등급을 획득했다.유로 NCAP 측은 넥쏘가 정면과 측면 충돌 상황에서 승객 공간이 안전한 상태를 유지해 탑승자의 신체를 보호하고, 탑승자 간 부상 위험을 줄인 것을 높게 평가했다. 특히 차량은 6세와 10세 더미(인체모형) 보호 항목에서 최고점을 받았다.긴급구난센터에 사고를 자동으로 알리는 시스템과 충돌 시 추가 사고를 방지하는 다중 충돌방지 자동 제동 시스템도 높게 평가됐다.이와 함께 자동 긴...",https://n.news.naver.com/article/newspaper/009/0005605763?date=20251215,기타,0.132049996,
한국경제,"버려지는 팔라듐, 고효율 회수 기술 나왔다","KIST, 맥신 나노 신소재로고속 대량 흡착 기술 개발산업 전반에 쓰이는 희소 귀금속인 팔라듐을 높은 효율로 회수하는 기술이 개발됐다.한국과학기술연구원(KIST)은 최재우 책임연구원, 수소·연료전지연구단 김진영 책임연구원 연구팀이 티타늄 기반 맥신 물질로 친환경 팔라듐 회수 기술을 개발했다고 14일 밝혔다.팔라듐은 매우 적은 양으로 뛰어난 촉매 역할을 하는 백금족 물질이다. 금, 은, 백금과 함께 ‘세계 4대 귀금속’으로도 불린다. 스마트폰, 반도체 생산 공정 등 다양한 산업과 일상 제품에 쓰인다. 가솔린 차량의 불완전연소에서 배출되는 일산화탄소 등을 물로 바꿔 환경오염을 줄이는 역할도 한다. 하지만 생산지가 일부 국가 에 집중돼 공급이 불안정하다. 각종 전자제품 폐기물에서 회수하려 해도 산업 현장에서 효율...",https://n.news.naver.com/article/newspaper/015/0005224239?date=20251215,업계,0.130447595,
동아일보,"현대 수소차 ‘넥쏘’, 유럽 안전성 평가 최고 등급","현대자동차의 수소전기차 ‘디 올 뉴 넥쏘’가 유럽 신차 안전성 평가에서 최고 등급을 받았다.현대차는 넥쏘가 유럽 신차 안전성 평가 프로그램인 ‘유로엔캡(Euro NCAP)’에서 최고 등급인 별 다섯을 획득했다고 14일 밝혔다. 1997년부터 시작된 유로엔캡은 미국고속도로안전보험협회(IIHS)와 함께 세계적으로 신뢰받는 평가 프로그램이다. 2018년 1세대 넥쏘가 수소차 최초로 별 다섯을 받은 데 이어 2세대도 최고 등급을 기록하며, 현대차는 수소차 분야 안전 경쟁력을 입증했다.넥쏘는 성인·어린이 탑승자 보호, 보행자 보호, 안전 보조 시스템 등 전 항목에서 우수한 성적을 거뒀다. 성인 탑승자 보호 평가에서는 정면·측면 충돌 시 승객 공간을 안전하게 유지하면서 탑승자의 주요 신체 부위를 잘 보호하고, 탑승자 ...",https://n.news.naver.com/article/newspaper/020/0003681698?date=20251215,기타,0.129162124,
동아일보,소득과 재산에 맞는 퇴직연금 수령 방법을 찾아라[김동엽의 금퇴 이야기],"퇴직연금이 도입되고 20년이 흐르면서 퇴직급여를 연금으로 수령하는 퇴직자가 늘어나고 있다. 연금 수령자가 늘어나면서 연금 수령 시기와 방법에 대한 관심 또한 높아지고 있다. 은퇴자들은 자신의 소득과 재산 현황을 고려하면서 동시에 절세 효과를 최대로 높일 수 있는 방법을 찾아야 한다.● 소득 공백 기간에 집중 인출많은 퇴직자들이 퇴직 이후 노령연금 수령까지 생기는 소득 공백을 메우기 위해 퇴직연금을 활용한다. 직장인의 정년은 60세이지만, 그보다 빨리 퇴직하는 경우도 많다. 이 같은 소득 공백을 메우기 위한 재원으로 퇴직연금을 활용하는 것이다. 이 경우 월급과 국민연금 사이를 잇는 퇴직연금을 ‘가교연금’이라고 부르기도 한다.퇴직급여를 일시에 현금으로 수령할 때는 퇴직소득세를 납부해야 한다. 하지만 퇴직급여를 ...",https://n.news.naver.com/article/newspaper/020/0003681660?date=20251215,경영,0.127027242,
매일경제,"""대형마트 PB김치 잘나가네"" 올해 판매량 5000t 첫 돌파","가성비 중시 20·30대에 인기식품사 제품 대비 30% 저렴이마트 판매 '톱 10' 김치 중노브랜드 제품이 4개 차지해이마트·롯데마트·홈플러스 등 대형마트 3사의 자체브랜드(PB) 김치가 고물가에 따른 '가성비 소비' 바람에 올해 처음으로 판매량 5000t을 돌파할 것으로 보이는 등 인기를 끌고 있다. 지난해보다 판매량이 300t 가까이 늘어날 것으로 보이는데 대형마트들은 상품군 강화에 팔을 걷어붙였다.14일 대형마트 3사의 올해 PB김치 판매량 전망을 종합한 결과 5000t을 넘어설 것으로 보인다. 지난해 판매량보다 300t가량 늘어날 것으로 보이는데, 재료비·인건비 상승 등에 따라 가격이 10%가량 오른 점을 감안하면 각 사의 PB김치 매출 증가율은 두 자릿수를 기록할 것으로 보인다.이마트는 올해 자사 ...",https://n.news.naver.com/article/newspaper/009/0005605793?date=20251215,업계,0.124420031,
조선일보,원자력·위성·AI… 전략 기술 논문 中이 1위 싹쓸이,"74개 분야서 66개 선두, 美는 8개중국이 원자력·소형 위성·인공지능(AI) 등 국가 안보와 산업 경쟁력을 좌우하는 ‘국가 전략 기술’ 연구 분야 90%에서 세계 1위라는 조사 결과가 나왔다. 20년 전에는 미국이 94%로 압도했는데 전략 기술 연구 리더가 미국에서 중국으로 완전히 넘어간 것이다. 연구 순위는 앞으로 상용화할 기술의 선행 지표라는 점에서 전략 기술 산업 분야에서도 중국이 글로벌 장악력을 빠르게 키워나갈 것이라는 지적이 나온다.국제 학술지 네이처는 12일(현지 시각) 호주전략정책연구소(ASPI)의 ‘전략 기술 추적(Critical Technology Tracker) 2025’ 결과를 인용하며 “중국이 핵심 기술의 90%에서 연구를 주도하고 있고, 이는 이번 세기에 일어난 극적인 변화”라고 전...",https://n.news.naver.com/article/newspaper/023/0003946934?date=20251215,경영,0.105066146,
중앙일보,"AI 전력 해법 우주에서 찾는다…빅테크, '저궤도 센터' 구축 전쟁","우주가 인공지능(AI)의 연산 공간으로 재평가되고 있다. 빅테크들이 전력 부족, 발열 문제에 직면한 지상 AI 데이터센터 대신 우주에 데이터센터를 설치하는 방안을 본격 추진하면서다.무슨일이야월스트리트저널(WSJ)은 지난 10일(현지시간) “일론 머스크가 창업한 스페이스X가 스타링크 위성에 AI 연산 장비를 탑재해 우주 AI 데이터센터를 구축하는 계획을 추진 중”이라며 “아마존 창업자 제프 베이조스의 우주기업 블루 오리진도 1년 넘게 우주 데이터센터 기술 개발 전담팀을 운영하고 있다”고 보도했다. 우주 AI 데이터센터란 AI 연산 장치를 여러 저궤도(지상 200~2000㎞) 위성에 실어 데이터센터처럼 운영하는 기술이다. 여러 위성이 서로 연결돼 하나의 큰 컴퓨팅 센터처럼 협력해 연산을 수행하는 걸 목표로 한다...",https://n.news.naver.com/article/newspaper/025/0003489813?date=20251215,업계,0.101796246,
중앙일보,일찌감치 중간선거 발동 거는 트럼프…승부처는 '생활비 여력' [김형구의 USA오디세이],"“우유랑 달걀, 빵만 샀는데도 40달러(약 5만9000원)가 훌쩍 넘어가요. 식료품 물가가 너무 올라 마트 나오기가 무서울 정도예요.”12일(현지시간) 미 버지니아주 매클린시의 한 대형 마트에서 만난 50대 주부 로라 피셔는 영수증에 찍힌 숫자를 보며 이렇게 말했다. 소고기 판매대를 서성이던 30대 데이브 밀러는 “고깃값이 1년 전에 비해 30%는 뛴 것 같다”며 “도널드 트럼프 대통령을 찍으면 물가는 잡힐 거라 생각했는데…”라며 말끝을 흐렸다.치솟는 물가로 어려움을 호소하는 미국 국민들의 절박한 목소리들이다. 이처럼 고(高)물가의 파고가 미국인들의 일상을 뒤덮은 가운데 트럼프 대통령은 내년 11월 치러질 중간선거를 향한 선거전에 일찌감치 시동을 걸었다. 전국 단위 선거에서 최대 경합지역으로 꼽히는 펜실베이...",https://n.news.naver.com/article/newspaper/025/0003489743?date=20251215,경영,0.092258813,
조선일보,한미일 포함 ‘AI 공급망 동맹’ 출범… 中매체 “실패할 것”,"美 주도 ‘팍스 실리카’에 8국 참여미국이 주도하는 인공지능(AI)·반도체 공급망 관련 전략 협력체 ‘팍스 실리카 서밋(Pax Silica Summit)’의 첫 회의가 12일(현지 시각) 미국 워싱턴DC에서 열렸다. 이날 회의에는 한국, 일본, 싱가포르, 네덜란드, 영국, 호주, 아랍에미리트(UAE), 이스라엘 등 8국이 정식 회원으로 참여했고 대만, 유럽연합(EU), 캐나다, 경제협력개발기구(OECD)도 특별 초청을 받았다.13일 우리 외교부는 김진아 2차관이 수석대표로 이 회의에 참석했다고 밝히며, 팍스 실리카를 “미측 제안으로 발족한 경제안보 협의체”라고 소개했다. 하지만 중국 관영 글로벌타임스는 팍스 실리카를 “중국을 견제하기 위한 AI 공급망 확보 동맹”으로 규정하며 경계심을 드러냈다. 이재명 대통...",https://n.news.naver.com/article/newspaper/023/0003946923?date=20251215,경영,0.091566109,
매일경제,고속도로 주행 알아서 척척…'초보운전' 걱정 덜었죠,캐딜락 에스컬레이드 IQ '슈퍼크루즈' 기능 국내 첫 적용지정된 도로 진입해 속도 설정땐앞차 간격 유지하며 차선 변경도장거리 이동때 운전자 피로 줄어전방주시 안할땐 즉각 경고 진동핸즈프리 해제돼 직접 핸들 잡아야'두두두두~' 운전석 시트 왼쪽이 요란하게 떨렸다. 전면 디스플레이에는 '자동 차선 변경' 알림이 켜졌고 곧 차는 알아서 왼쪽으로 이동하며 앞차를 추월했다. 추월이 끝나자 이번에는 시트 오른편이 진동했고 차량은 자연스럽게 다시 2차선으로 돌아왔다. 운전하는 내내 스티어링 휠(핸들)에 손을 올리지 않았다.한국GM이 국내 시장에 처음 들여온 '핸즈프리' 자율주행 기술인 슈퍼크루즈가 실제 도로에서 구현한 장면이다. 스티어링 휠을 잡지 않아도 되는 주행 기술이 상용화되면서 완성차 업계 자율주행 경쟁에도 불이...,https://n.news.naver.com/article/newspaper/009/0005605748?date=20251215,기타,0.090372922,
매일경제,LCD 선제 투자로 TV '게임체인저'… 아이소셀로 '이미지센서 강자' 소니 흔들어,"삼성전자가 남긴 '테크 족적'세상을 바꾼 엄청난 혁신이 당시에는 그것을 만들어낸 사람들조차 얼마나 큰 변화를 만들지 전혀 예상하지 못했던 경우가 있습니다. 삼성전자가 테크 산업에 남긴 중요한 족적들을 정리해봤습니다.1998년 삼성전자는 그래픽용 D램 GDDR을 최초로 상업화합니다. 그래픽 처리에 강한 D램이었던 GDDR은 엔비디아와 같은 그래픽카드 기업들에 중요한 메모리였고, 결국 인공지능(AI) 시대를 여는 핵심 반도체가 됩니다.삼성전자는 1998년 TFT-LCD 시장 1위가 되는데요. 여기서 확보한 경쟁력으로 대형 LCD 패널까지 만들고 이것은 삼성전자가 LCD TV 시장에서 1위가 되는 중요한 경쟁력이 됩니다. 이는 TV 시장의 패러다임을 브라운관 TV에서 평판 TV로 바꾸는 계기가 되죠.2003년 삼...",https://n.news.naver.com/article/newspaper/009/0005605782?date=20251215,경영,0.088477688,
매일경제,日기준금리 인상 유력 … 30년만에 0.75% 된다,"日銀 19일 금융정책결정회의위원 절반이상 인상에 무게전문가들 ""향후 2~4회 인상""일본은행이 오는 18~19일 열리는 금융정책결정회의에서 기준금리인 단기 정책금리를 현재의 0.5%에서 0.75%로 인상할 것이 유력시되고 있다. 금리가 오르면 1995년 이후 30년 만에 처음 '0.5%의 벽'을 넘어서게 된다.14일 니혼게이자이신문(닛케이)은 금리 결정에 참여하는 정책위원 9명 가운데 절반 이상이 금리 인상을 지지하고 있다고 보도했다. 일본은행은 지난 1월 회의에서 기준금리를 0.25%에서 0.5%로 올렸고, 이후 여섯 차례 열린 회의에서는 모두 동결했다.일본은행은 1990년대 초반 거품경제가 붕괴된 이후 1995년 9월 당시 기준금리에 해당하는 지급준비율을 1.0%에서 0.5%로 낮췄다. 이후 기준금리가 0...",https://n.news.naver.com/article/newspaper/009/0005605846?date=20251215,경영,0.084393158,
중앙일보,"현대차 넥쏘, 유럽 안전평가서 최고 등급","현대자동차의 수소전기차 ‘디 올 뉴 넥쏘’가 유럽 신차 안전성 평가 프로그램인 유로 NCAP에서 최고 등급인(별 다섯)을 획득했다. 현대차는 14일 넥쏘가 유로 NCAP 충돌 안전성 평가에서 승객 공간을 안정적으로 유지하며 탑승자를 효과적으로 보호한 점과 다양한 첨단 안전 사양을 갖춘 점을 인정받아 최고 등급을 받았다고 밝혔다.이번 평가로 현대차는 2021년 아이오닉 5, 2022년 아이오닉 6, 올해 9월 아이오닉 9에 이어 수소전기차 넥쏘까지 전동화 라인업 주요 모델이 모두 유로 NCAP 최고 등급을 받게 됐다....",https://n.news.naver.com/article/newspaper/025/0003489726?date=20251215,기타,0.082221487,
한국경제,"고환율 여파, 생산자물가에 본격 반영되나","주간 전망대11월 생산자물가지수원재료 값 변동폭 담아日銀, 기준금리 결정원·달러 환율에도 영향올해 기업활동조사 발표산업별 연간통계도 공개이번주에는 고(高)환율이 물가를 본격적으로 들썩이게 할지 몇 개월 앞서 예상할 수 있는 11월 생산자물가지수(PPI)가 발표된다. 2024년 기업 경영 실적과 퇴직연금 및 육아휴직 현황을 파악할 수 있는 통계들도 잇따라 나올 예정이다.한국은행은 오는 19일 11월 생산자물가지수를 발표한다. 10월 생산자물가지수는 120.82(2020년 수준 100)로, 전월보다 0.2% 올랐다. 9월(0.4%)에 이어 두 달 연속 오름세가 이어졌다. 11월 생산자물가지수의 주목도가 큰 것은 석유·화학제품, 곡물같이 생활필수품과 가공식품의 원재료가 되는 품목의 가격 변동을 확인할 수 있기 때...",https://n.news.naver.com/article/newspaper/015/0005224193?date=20251215,업계,0.079466718,1
조선일보,"[단독] 새울 3호기, 사전 심사 모두 통과… 이르면 연내 시운전 개시","19일 원안위 회의서 운영 허가 여부 논의허가 시 6개월 가량 시운전 후 상업 운전“기술 문제 없는데 행정 지연해선 안 돼”울산 울주군에 위치한 신규 원전 ‘새울 3호기’가 원자력안전위원회(원안위)의 운영 허가만을 남겨두게 됐다. 오는 22일 전남 영광 ‘한빛 1호기’의 설계수명이 끝나는 가운데, 새울 3호기가 연내 시운전에 착수해 전력 수급의 공백을 최소화할 수 있을지 주목된다.14일 정부와 원전 업계에 따르면, 한국수력원자력(한수원)은 최근 새울 3호기에 대해 한국원자력안전기술원(KINS)의 기술 검토와 원안위 전문위원회 검토를 모두 통과했다. 원전 가동을 위한 기술적 안전성에 문제가 없음을 인정받았다는 의미다. 원안위는 오는 19일 전체회의를 열고 새울 3호기 운영 허가 안건을 심의할 예정이다.2016...",https://n.news.naver.com/article/newspaper/023/0003946787?date=20251215,경영,0.074634018,
매일경제,패션·유통업체 '중고 의류'에서 금맥 캔다,"수거·감정·재판매 대행하고판매자엔 '쇼핑 포인트' 지급무신사 석달새 이용자 4만명LF선 두달만에 6만벌 등록돼""브랜드·고객층 강화에 효과""패션·유통 업체들이 국내 리커머스(중고 거래) 시장에 속속 뛰어들며 이용자와 거래금액을 빠르게 늘려가고 있다. 패션 업체 등이 중고 의류 수거·감정·재판매 등 절차를 대행해주고 기존 소유자에게는 포인트를 줘서 자사 매장 등에서 쇼핑할 수 있게 해주는 방식이다. 개인 간 거래의 불편한 점을 줄여 중고 거래 시장에서 지배력을 높여 가는 동시에 자사 브랜드의 영향력과 고객 기반을 넓혀 가는 차원에서 리커머스 사업을 적극 추진하고 있다.14일 패션 업계에 따르면 헤지스로 유명한 LF의 중고 거래 서비스 엘리마켓은 출범 2개월 만에 이용자 2만명, 등록 상품이 6만개로 추정된다. ...",https://n.news.naver.com/article/newspaper/009/0005605792?date=20251215,기타,0.073882544,
한국경제,K소비재 꽂힌 아세안…뷰티·푸드 '수출 잭팟',"2만명 몰린 산업부·KOTRA '말레이시아 한류박람회'""현지 바이어 반응보고 인기 실감""기업에 1500건 구매 상담 쏟아져아모레·CJ 등 B2C 쇼케이스 북적화장품·의약품 100억弗 수출 탑""韓, 제조업 넘어 소비재 수출강국문화와 산업 선순환 구조 강화""“바이어들이 ‘태극마크’부터 붙여달라고 합니다. 한류 덕분에 수출하기 좋은 시대가 됐습니다.”(박기범 대한태극민턴 대표) “원자재부터 제조까지 ‘메이드인 코리아’라고 하니 해외 소비자가 더 좋아합니다.”(김정수 청사초롱 대표)지난 12일 ‘한류박람회’가 열린 말레이시아 쿠알라룸푸르 선웨이피라미드 컨벤션센터는 한국 화장품과 식품, 패션의류 등을 구매하기 위한 바이어로 가득 찼다. 말레이시아 최대 헬스·뷰티 드러그스토어 체인인 가디언과 최대 식품 유통사인 박스월...",https://n.news.naver.com/article/newspaper/015/0005224242?date=20251215,업계,0.072425433,
한국경제,"""미등록 美특허 사용료도 과세대상""…33년만에 판례 뒤집은 가온의 전략",승소의 전략한미조세조약 분석·입증책임 전환10년 전 美소송기록 발굴 결정타대법원이 33년간 유지된 판례를 뒤집고 해외에만 등록된 특허를 국내 기업이 사용할 때도 과세할 수 있다고 판결한 배경에는 법무법인 가온의 치밀한 소송 전략이 있었다. 방대한 입법자료 분석과 10년 전 해외 소송 기록 발굴을 통해 기존 판례의 논리적 기반을 무너뜨린 것이다.14일 법조계에 따르면 대법원 전원합의체가 지난 9월 18일 결론을 내린 SK하이닉스가 이천세무서를 상대로 낸 경정거부처분취소 소송의 핵심 쟁점은 한미조세조약상 ‘특허 사용’의 의미였다. 대법원은 “국내 미등록 특허권에 관한 사용료라도 그 특허 기술을 국내에서 제조·판매 등에 사실상 사용하는 데 대한 대가라면 국내원천소득에 해당한다”며 원심을 파기환송했다. 그동안 법원...,https://n.news.naver.com/article/newspaper/015/0005224162?date=20251215,경영,0.071769095,
매일경제,[미국 주식 돋보기] 고물가에 '미국판 다이소' 뜬다,달러제너럴 올들어 75% 급등인플레 길어져 소비 양극화저가형 할인업체 실적 개선미국에서 가성비 소비 트렌드가 확산하면서 저가형 할인 유통업체 달러트리와 달러제너럴이 주목을 받고 있다. '미국판 다이소'로 불리는 이들 기업은 고물가 환경 속에서 소득 계층 전반에 걸쳐 가격 민감도가 높아지자 연중 신고가를 경신하며 강세를 이어가고 있다. 12일(현지시간) 뉴욕 증시에서 달러제너럴은 전날보다 0.4% 오른 133.21달러에 장을 마감하며 연중 신고가를 기록했다. 달러제너럴은 올해 들어서만 주가가 70% 이상 급등했다. 경쟁사인 달러트리도 연초 대비 주가가 69.8% 올랐다.올해 미국 증시 상승을 이끈 엔비디아의 주가 상승률을 두 배 이상 웃도는 성과다. 특히 블랙프라이데이를 기점으로 쇼핑시즌이 본격화하는 연말로 ...,https://n.news.naver.com/article/newspaper/009/0005605785?date=20251215,경영,0.069108272,
중앙일보,[김경식의 이코노믹스] 공급자 특정하는 ‘RE100 산단’…에너지고속도로와는 상충,"‘재생에너지 100% 사용 산업단지’ 법안의 문제점에너지고속도로는 이재명 정부 에너지 정책의 트레이드 마크다. 경제협력개발기구(OECD) 회원국 중 압도적 꼴찌인 국내 재생에너지 보급률을 제고하고 청정에너지 체제로 전환하는 데에 중요한 인프라다. 많이 늦었지만 지금이라도 제대로 할 수 있다면 그나마 다행이다.그런데 갑자기 재생에너지를 100% 사용하는 산업단지(‘RE100 산단’)가 끼어들어 혼란을 일으키고 있다. 일각에서는 ‘용인 반도체 클러스터’ 내 국가산단에 2031년 입주 예정인 삼성전자 반도체 공장을 서남권 ‘RE100 산단’으로 옮겨야 한다는 주장도 나온다. 이러한 주장은 에너지고속도로의 의미와 재생에너지의 특징, 전력 시장과 RE100의 관계에 대한 무지에 바탕을 둔 주장이거나 아니면 특정 지역...",https://n.news.naver.com/article/newspaper/025/0003489744?date=20251215,경영,0.069047448,
조선일보,"현대차 수소 SUV 넥쏘, 유럽 안전 평가 ‘별 다섯개’ 최고 등급","현대차의 수소전기 SUV(스포츠유틸리티 차량) ‘디 올 뉴 넥쏘’가 유럽에서 최고 안전 등급인 별 다섯 개를 획득했다. 기존에 최고 등급을 획득한 전기차 아이오닉 시리즈에 이어 수소 연료 차량도 높은 안전성을 입증한 셈이다.현대차는 유럽의 신차 안전성 평가 프로그램인 ‘유로 NCAP 테스트’에서 올해 6월 출시한 2세대 넥쏘 차량이 이 같은 성과를 거뒀다고 14일 밝혔다. 유럽 판매 차량을 대상으로 한 안전성 검사로 성인 탑승자와 어린이 탑승자 보호, 보행자 보호, 안전 보조 시스템 등 4개 항목을 집중 검사한다.넥쏘는 정면과 측면 충돌 시 승객 공간을 안전하게 유지해 탑승자의 주요 신체를 잘 보호하고 탑승자 간 부상 위험을 줄이는 대응책을 갖춘 점에서 높은 평가를 받았다. 또 사고 발생 시 긴급 구난 센터...",https://n.news.naver.com/article/newspaper/023/0003946835?date=20251215,기타,0.067963667,
조선일보,“성형하고 예뻐졌어요” 완벽한 그녀도 AI,"성형외과 광고에 AI 모델 활용비용 적고 초상권 문제도 없어“완벽한 외모의 AI(인공지능) 모델을 만들어 드립니다. 비용도 절감하고, 초상권 문제에서도 벗어나세요.”14일 한 AI 모델 제작 업체 사이트에 접속하자 다양한 포즈를 취한 여성 수십 명의 사진이 노출됐다. 장발의 젊은 여성부터 묶음머리를 한 중년 여성까지 생김새가 제각각이었다. 얼핏 보면 진짜 사람을 찍은 사진 같았다. 하지만 모두 AI로 만든 ‘가상 모델’이었다.이 업체는 “병원 홈페이지와 브로슈어 등에 사진을 다양하게 활용하라”며 홍보했다. 가격은 사진 한 장당 3만~8만원. 서울 강남구의 한 성형외과 원장 박모(43)씨는 “완벽한 이목구비의 AI 모델을 사용함으로써 병원이 추구하는 이상적인 아름다움을 선보일 수 있다”며 “AI 모델처럼 성형...",https://n.news.naver.com/article/newspaper/023/0003946932?date=20251215,경영,0.063279646,
한국경제,"[단독] ""바겐세일 역대급 기회""…한국 기업 '쇼핑' 나선 해외 자본","원·달러 1400원 후반대 고착…국내 기업 몸값 '뚝뚝'해외 기업·PEF, 1~3분기 경영권 인수 거래  5배 급증경기 악화하자 기존 'M&A 큰손'인 국내 대기업 발 빼해외 자본이 한국 기업을 사들이는 ‘인바운드 인수합병(M&A)’이 빠르게 늘어나고 있다. 원·달러 환율 급등의 영향으로 달러로 환산한 우리 기업의 몸값이 역대급으로 싸진 데다 경기 부진 등으로 국내 기업과 토종 사모펀드(PEF)의 투자 활동은 위축되면서다.14일 한국경제신문 자본시장 전문 매체 마켓인사이트에 따르면 올해 1~3분기 해외 기업과 PEF가 한국 기업의 경영권을 인수한 거래 금액(발표 기준)은 11조4280억원으로 지난해(2조3257억원)보다 약 다섯 배 많았다. 2023년 기록한 12조7366억원을 넘어설 기세다. 2020~20...",https://n.news.naver.com/article/newspaper/015/0005224208?date=20251215,경영,0.0619613,1
중앙일보,"실업, 쉬었음, 취업 준비…이런 2030, 160만명 달해","‘일자리 밖’으로 내몰린 20~30대가 지난달 160만 명에 육박했다. 실업, 쉬었음, 취업준비 등 이유는 다양했다. 양질의 일자리가 부족한 데다 경력 중심으로 채용하는 흐름이 확산하면서 젊은층 고용시장이 흔들리고 있다.14일 국가데이터처 경제활동인구조사 마이크로데이터 등에 따르면 경제활동인구 중 실업자이거나, 비경제활동인구 중 ‘쉬었음’ 또는 ‘취업준비자’인 20~30대는 지난달 158만9000명을 기록했다. 1년 전보다 2만8000명 늘었다. 코로나19 시절인 2021년 11월 173만7000명 이후 4년 만에 최대 규모다. 일하지 않고 시간을 보내고 있는 2030세대가 그만큼 많다는 의미다. 이 세대 인구(1253만5000명) 중 ‘일자리 밖’에 있는 사람의 비중은 12.7%다. 역시 2021년(13....",https://n.news.naver.com/article/newspaper/025/0003489723?date=20251215,경영,0.060045846,1
한국경제,'1.3조 大魚' 리브스메드 청약 나서,"이번주 공모주'디자인하우스' 세미파이브도 출격이번 주에는 코스닥시장 기업공개(IPO) 대어로 꼽히는 리브스메드와 세미파이브가 일반청약에 나선다. 올해 마지막으로 유가증권시장에 상장하는 티엠씨를 포함해 4곳은 신규 상장한다.의료기기 기업 리브스메드는 15~16일 이틀간 일반청약을 접수한다. 삼성증권과 미래에셋증권에서 청약할 수 있다.수요예측에서 기관투자가 수요가 몰려 공모가를 희망가격(4만4000~5만5000원) 상단인 5만5000원으로 결정했다. 공모금액은 1359억원, 상장 시가총액은 1조3564억원이다. 올해 코스닥시장 상장 기업 가운데 최대 규모다. 2011년 설립된 리브스메드의 대표 제품은 다관절 복강경 수술기구 ‘아티센셜’이다. 아티센셜은 국내 250여 개 병원에서 사용 중이며, 미국 유럽 일본 등...",https://n.news.naver.com/article/newspaper/015/0005224184?date=20251215,경영,0.05934721,
매일경제,[금융 라운지] 3%대 정기예금 내놓는 시중은행,"은행채 금리상승에 조달비용↑대형증권사 IMA 출시도 변수증권사 머니무브 차단 목적도시중은행과 지방은행이 연 3%대 금리를 내건 정기예금을 잇달아 내놓으며 자금 조달 경쟁이 다시 격화되고 있다. 은행채 금리 상승으로 은행의 조달 비용이 높아진 데다 증권사 종합투자계좌(IMA) 등 대체 상품과의 자금 유치 경쟁까지 겹치면서 은행권 전반에 예금 금리 인상 흐름이 나타나고 있다.14일 금융권에 따르면 최근 일부 시중은행은 1년 만기 정기예금 금리를 연 3%대까지 끌어올리고 있다.은행들이 예금 금리를 끌어올리는 가장 직접적인 배경은 시장금리 상승이다. 예금 금리는 통상 1년 만기 은행채 금리를 기준으로 책정되는데, 최근 해당 금리가 몇 달 사이 뚜렷한 오름세를 보이고 있다. 실제로 정기예금 금리의 기준이 되는 1년 ...",https://n.news.naver.com/article/newspaper/009/0005605823?date=20251215,경영,0.059338443,
조선일보,"구글 제미나이3 뜨니, 퍼플렉시티가 타격...국내 AI 챗봇 시장 지각변동 시작","최근 구글이 내놓은 새 인공지능(AI) ‘제미나이 3’가 좋은 성능을 보이면서 국내 AI 챗봇 시장이 지각변동하고 있다. 오픈AI의 챗GPT가 여전히 국내 AI 시장을 장악한 가운데, 구글이 제미나이 3를 앞세워 영향력을 확대하고, 퍼플렉시티는 이용자가 급격히 감소하는 것이다.14일 데이터 테크 기업 아이지에이웍스 모바일인덱스에 따르면, 구글이 제미나이 3를 출시한 지난달 17일부터 이달 7일까지 3주간 챗GPT는 주 평균 활성 이용자(WAU)가 869만~880만명을 기록하며 압도적 1위를 기록했다. 다만 신규 설치 건수는 주 평균 20만건에서 19만건으로 1만건 정도 줄었다. 반면 제미나이는 같은 기간 1만6000명 수준의 WAU가 2만2900명대로 급증했다가 2만1300명대로 안정화됐다. 지난달 17일 ...",https://n.news.naver.com/article/newspaper/023/0003946833?date=20251215,기타,0.058981156,
한국경제,커피 많이 팔아도 돈 못 번다?…'스타벅스'에 무슨 일이,"원자재 값에 좌우되는 주식은농산물에 울고 웃는 식품주스타벅스, 원두 오르면 '씁쓸'원자재 가격 추이는 일반 종목이나 상장지수펀드(ETF) 투자에도 활용할 수 있다.금, 은, 구리(동) 가격이 오르는 시기에는 일반적으로 채굴 기업 주가도 함께 상승한다. 광산·장비 운영비와 인건비 등 채굴 원가는 비교적 일정한 반면 원자재 가격이 오르면 그만큼 마진이 크게 늘기 때문이다. 여기에 실적 개선으로 배당 확대나 자사주 매입 기대까지 더해지면 주가는 원자재 가격 상승폭보다 더 오르기도 한다.미국 증시에서도 금값을 추종하는 ETF보다 금 채굴 기업으로 구성된 ETF가 더 높은 수익을 냈다. 올 들어 지난 12일까지 금에 투자하는 ‘SPDR 골드 셰어스’(GLD)의 수익률은 61.13%였고, 금광 기업에 투자하는 ‘아이셰...",https://n.news.naver.com/article/newspaper/015/0005224195?date=20251215,업계,0.058667104,
매일경제,"올블랙 턱시도 차려입은 신사처럼…정숙한 주행감, 품격 그 자체","벤츠 S450 4MATIC 타보니움직이는 고급라운지 명성처럼내부 시트·패널 군더더기 없어고속주행땐 381마력 엔진 가동제로백 5초·최고 시속 250㎞주행부터 주차까지 부드러워황제가 돌아왔다. 지난 8월 한국에 상륙한 메르세데스-벤츠 'S450 4MATIC 스탠다드 휠베이스'가 그 주인공이다.S클래스는 구구절절한 설명이 필요 없는 벤츠 최고 플래그십 세단이다. 1951년 S클래스 효시인 220(W 187)이 탄생한 후 74년간 벤츠 혁신을 이끈 상징이 됐다. S450 4MATIC 스탠다드 휠베이스, 그중에서도 100대로 제한해 판매된 '나이트 에디션'은 S클래스가 가진 우아함에 젊은 활력이 더해진 모델이다. 곳곳에 벤츠 특유의 전통적 코드와 함께 이 같은 혁신 기술이 티나지 않게 녹아 있다.외관은 말쑥하고 점...",https://n.news.naver.com/article/newspaper/009/0005605747?date=20251215,기타,0.057595775,
동아일보,"中과 ‘제1도련선’ 드론전 대비 나선 美, 하와이서 전투 훈련","드론으로 정찰-은신처 기습 훈련우크라전서 드론 전술 중요성 확인내년 中 인근 필리핀서 실전 훈련미국이 중국의 대만 침공으로 벌어질 수 있는 무인기(드론) 전쟁에 대비해 장비와 전술을 대폭 개편 중이라고 월스트리트저널(WSJ)이 12일(현지 시간) 전했다. 우크라이나 전쟁을 통해 드론 전력의 중요성을 확인한 미군이 실제 전투 가능성에 대비하는 것으로 풀이된다.WSJ에 따르면 미군은 최근 하와이에서 드론을 이용해 진행한 고강도 전투 훈련 영상을 공개했다. 영상에서 미군은 정찰 드론으로 가상 적군의 병력을 집계하고, 공격 드론으로 상대 은신처를 기습하는 훈련을 실시했다. 또 미군은 2주간의 훈련에서 최신 드론 장비들을 공개했다. 여기에는 3차원(3D) 프린터로 몇 시간 만에 저가 자폭 드론을 만드는 모습도 담겼다...",https://n.news.naver.com/article/newspaper/020/0003681751?date=20251215,기타,0.052301036,
중앙일보,"[단독] MASGA 이어 ‘제련 동맹’…고려아연, 美에 제련소 짓는다","고려아연이 미국 현지에 10조원 규모 제련소를 짓는다. 미국 정부와 기업이 여기에 1조원 이상을 투자한다. ‘마스가(MASGA)’로 이름 붙인 한·미 조선업 협력 프로젝트에 이어 ‘제련 동맹’이 속도를 내는 모양새다.고려아연은 15일 이사회를 열어 10조원 규모 미국 제련소 투자 여부를 결정할 예정이다. 구체적으론 고려아연과 미국 측이 약 3조원 규모의 합작법인(JV)을 세우고, 이 JV에 미국 상무부·국방부, 미국 방산전략기업이 6억9000만 달러(약 1조원)를 투자하는 방식이다. 12억5000만 달러(약 1조8000억원)는 JV가 현지에서 차입한다. 고려아연은 향후 이 법인에 제3자 배정 유상증자를 할 계획인데, 고려아연 지분 10% 가량을 미국 측이 확보하는 셈이다. 3조원을 제외한 나머지 7조원은 미...",https://n.news.naver.com/article/newspaper/025/0003489778?date=20251215,경영,0.051709682,
한국경제,"""극단적 저평가"" 분석…삼성전자 집중 매수",마켓PRO 부자들의 투자종목투자 고수와 고액 자산가들이 지난주 반도체 종목을 집중 매수한 것으로 나타났다.미래에셋증권에 따르면 이 증권사의 수익률 상위 1% 투자자는 지난 5일부터 12일까지 삼성전자를 가장 많이 사들였다. 증권가에서 삼성전자 주가가 ‘극단적으로 저평가됐다’는 분석이 나오면서 매수심리를 자극했다.11일 KB증권은 보고서에서 삼성전자의 4분기 반도체 영업이익이 작년 동기 대비 5배 급증할 것으로 예상하며 목표주가로 16만원을 제시했다. 12일 종가인 10만8900원보다 47% 높은 가격이다.투자 고수는 현대자동차도 대거 매집했다. ‘완성차 기업’에서 ‘인공지능(AI) 기업’으로의 전환이 본격화하고 있다는 평가가 관심을 끌었다. 현대차는 2030년까지 엔비디아 ‘블랙웰’ 그래픽처리장치(GPU) ...,https://n.news.naver.com/article/newspaper/015/0005224185?date=20251215,경영,0.051701488,
중앙일보,노년 삶 무너뜨리는 ‘흐릿한 기억력’ 나빠지기 전에 대비해야 [Health&],"뇌 건강 돕는 ‘포스파티딜세린’나이 들수록 기억·인지력 저하 겪어4주 이상 복용하면 뇌 건강 개선은행잎 추출물도 두뇌 혈액순환 촉진기억력 저하는 나이가 들면서 누구나 흔히 경험하는 증상이다. 대부분 노화 현상으로 생각하지만, 이를 방치하면 노년의 삶과 가족의 일상이 무너질 수 있는 만큼 일찍부터 대비해야 한다.처음엔 사람 이름이나 약속 시간을 자주 잊어버리는 정도의 작은 변화가 나타난다. 그러다 시간이 지날수록 ▶장을 보러 가 무엇을 사야 할지 기억하지 못하고 ▶약 복용 시간을 반복해서 잊어버리며 ▶가스불을 끄지 않고 외출하는 위험한 상황이 발생한다. 기억력이 떨어지면서 판단 능력이 흐려지는 것도 일상을 위협하는 요소다. 복잡한 금전 계약 내용을 이해하기 어렵고 금융 거래나 비용 계산을 할 때 혼란스러운 상...",https://n.news.naver.com/article/newspaper/025/0003489805?date=20251215,업계,0.051655041,
한국경제,철강 수출 5년만에 최악,한경Aicel 데이터는 말한다한국의 철강 수출이 5년 만에 최악의 실적을 기록할 전망이다. 글로벌 건설 경기 침체에 보호무역 강화가 겹친 탓이다.14일 한경에이셀(Aicel)에 따르면 철강 수출금액은 올 들어 이달 10일까지 246억4200만달러(약 36조4000억원)를 기록해 작년 동기 대비 7.4% 줄었다. 팬데믹 수요 절벽이 발생한 2020년 후 가장 작은 규모다. 정부의 저가 수입 철강 차단 및 ‘K스틸법’(철강산업 경쟁력 강화 및 탄소중립 전환을 위한 특별법) 등 덕분에 내수는 버티겠지만 수출 경쟁력은 쉽게 회복하기 어려울 것이란 우려가 많다....,https://n.news.naver.com/article/newspaper/015/0005224202?date=20251215,경영,0.051435033,
조선일보,정부가 투자 판 깔아주니… 코스닥 빚투 10조 넘었다,"정부의 코스닥 활성화 정책에 대한 기대가 커지면서 코스닥 시장의 ‘빚투’(빚을 내 투자) 규모가 10조원을 넘어섰다. 지수 상승과 정책 모멘텀이 맞물리며 투자 심리가 달아오르고 있지만, 단기 급등 후유증을 경계해야 한다는 지적도 나온다.14일 금융투자협회에 따르면, 지난 11일 기준 코스닥 시장의 신용거래융자 잔고는 10조19억원으로, 연초 이후 가장 높은 수준을 기록했다. 유가증권시장을 포함한 신용거래융자 총 잔고는 27조3912억원이다. 신용융자 잔고는 투자자가 주식 매수를 위해 증권사에서 빌린 자금 중 아직 상환하지 않은 금액으로, 주가 상승 기대가 커질수록 늘어나는 경향이 있다.올해 코스피가 사상 처음으로 4000선을 돌파하는 등 급등할 때 코스닥은 상대적으로 소외됐다는 평가를 받아왔다. 최근 정부가...",https://n.news.naver.com/article/newspaper/023/0003946743?date=20251215,업계,0.046720752,
조선일보,"고려아연, 희토류·전략광물 ‘脫중국 동맹’ 핵심 파트너 된다","수조원 투입 美에 제련소 추진고려아연의 미국 제련소 건설은 미국 국무부가 지난 11일 발표한 ‘팍스 실리카(Pax Silica)’ 이니셔티브와 궤를 같이한다. 희토류를 포함한 핵심 광물, 첨단 제조, 반도체, 인공지능(AI) 인프라 등 분야에서 중국을 배제한 안전한 공급망을 구축하기 위해 한국·일본을 비롯한 미국 우방 8국이 참여하는 블록화를 추진한다는 구상이다.수조원이 투입될 것으로 보이는 미국 현지 제련소가 완공되면, 고려아연은 최근 지분을 인수한 캐나다 해저 자원 기업 TMC(The Metals Company)와 연계해 ‘북미 채굴-현지 제련-미국 방산 업계 공급’으로 이어지는 탈중국 밸류체인을 완성할 수 있을 전망이다.앞서 고려아연은 군수·방위 산업에 필수적인 전략 광물 안티모니를 재가공해 올해부터 ...",https://n.news.naver.com/article/newspaper/023/0003946879?date=20251215,경영,0.045936371,
동아일보,쿠팡 사태에 ‘배달앱 수수료 제한’ 급물살… “시장 역효과” 우려도,"‘韓소비자 무시’ 쿠팡에 제재 힘실려수수료 총액 15% 제한 발의 등 속도“독점적 플랫폼에 자영업자 피해”“결국 소비자 부담 증가” 신중론도배달의민족, 쿠팡 이츠 등 배달 애플리케이션(앱)이 식당 업주로부터 받는 수수료를 제한하자는 움직임이 속도를 내고 있다. 그동안 소비자에게 부담이 전가될 수 있다는 이유 등으로 추진이 늦춰졌다가 최근 쿠팡의 대규모 개인정보 유출 사태 이후 쿠팡 비판 흐름 속에 다시 급물살을 탄 것이다. 하지만 시장 전반에 큰 영향을 미치는 정책인 만큼 시류에 휩쓸리지 않는 신중한 접근이 필요하다는 지적이 나오고 있다.더불어민주당 ‘을지키는민생실천위원회’(을지로위원회)가 11일 국회에서 개최한 ‘배달 수수료 상한제 입법 방향 토론회’에 참석한 민주당 의원들은 “배달앱의 독점적 지위가 자영...",https://n.news.naver.com/article/newspaper/020/0003681717?date=20251215,경영,0.044507466,
한국경제,유럽·중동까지…'K패션 신화' 쓰는 하고하우스,"2021년 인수한 브랜드 '마뗑킴'1년 새 해외 매장 20곳으로 늘어내년엔 중국·베트남 등 진출'드파운드' 등도 해외 공략 시동""해외 진출 핵심은 속도전""마뗑킴, 드파운드, 트리밍버드…. MZ세대와 외국인 사이에서 ‘K패션 대표 주자’로 꼽히는 브랜드들엔 공통점이 하나 있다. 자산 3조원 규모의 대명화학 계열사인 하고하우스가 인수한 브랜드라는 점이다. 최근 K패션의 위상이 높아지자 이들 브랜드는 한국을 넘어 중화권, 동남아시아, 유럽, 중동 등을 공략하는 데 속도를 내고 있다.◇글로벌 Z세대 공략14일 업계에 따르면 하고하우스가 운영하는 마뗑킴은 내년 중국 본토, 베트남, 몽골 등에 진출하기 위해 막바지 협의 중이다. 동남아(싱가포르 말레이시아 필리핀 등)뿐 아니라 유럽(이탈리아 독일 영국 등), 남미(칠레...",https://n.news.naver.com/article/newspaper/015/0005224235?date=20251215,업계,0.039956641,
매일경제,"""생산인구 줄고 中위협 이중고… AI 제조혁신 中企만 살아남아""","'성공적 AI전환' 전문가 제언中企 스마트공장 도입 19%뿐대기업과 상생형 협력 늘리고제조데이터 표준화 모델 시급◆ 창간 60주년 K제조업 AI파워업 ◆중소기업에 스마트공장 도입과 인공지능(AI) 전환(AX)은 더 이상 '선택'이 아니라 '필수'로 자리 잡고 있다. 저출산·고령화로 15~64세 생산가능인구가 날이 갈수록 줄어들고 있기 때문이다. 국가데이터처 장래인구추계에 따르면 생산가능인구가 2020년대에 연평균 32만명 줄고, 2030년대에는 감소폭이 50만명에 이를 전망이다. 특히 2차 베이비붐 세대(1964~1974년생) 은퇴가 본격화되면서 '공장 공동화'가 중소기업들 목전에 닥쳤다. 여기에 중국의 제조 역량 향상도 한국에는 큰 부담이 되고 있다.임성훈 고려대 산업경영공학부 교수는 ""노동력이 감소하고 ...",https://n.news.naver.com/article/newspaper/009/0005605879?date=20251215,기타,0.039646353,
한국경제,핵융합 발전에 미래 건 日…'고온 초전도' 기술 개발한다,"STEPI 과기정책 브리프""안보, 기술로 재구성해야""인공지능(AI)을 가동하는 미래 에너지원으로 미국과 중국이 상용화 경쟁을 벌이고 있는 핵융합을 일본 정부도 ‘국가전략기술’로 지정한 것으로 확인됐다. 초전도체 등 기초 물리학 기술이 중요한 핵융합을 ‘기초과학 강국’ 일본이 주목했다는 점에서 업계의 관심이 집중된다.14일 국무총리실 산하 기관인 과학기술정책연구원(STEPI)에 따르면 일본 내각은 다카이치 사나에 총리 취임 이후 핵융합, 우주, AI·로봇, 반도체·통신, 양자(퀀텀)기술, 바이오를 ‘6대 국가전략기술’로 지정했다. 이들 기술을 내년부터 5개년 계획에 따라 국가 안보와 연계해 집중 지원할 방침이다.핵융합은 플라스마 상태에서 수소 핵융합 반응을 일으켜 전기를 생산하는 에너지 기술을 말한다. 원자력...",https://n.news.naver.com/article/newspaper/015/0005224237?date=20251215,업계,0.037870215,
조선일보,"한국은 ‘AI 슬롭’ 천국… 가장 많이 보고, 만들고, 퍼뜨려","유튜브 AI 채널 톱10 중 4개가 한국서울 관악구에 사는 박모(29)씨는 최근 유튜브에서 쇼츠(짧은 동영상)를 보고 친구들에게 공유했다. 커다란 골든 리트리버가 과자를 뺏어 먹자, 어린 여자아이가 ‘그러면 안 된다’고 혼내는 영상이다. 아이가 혼낼 때마다 강아지는 반박하듯 짖는다. “아이가 너무 똑똑하다” “강아지는 저렇게 훈육해야 한다” 등 댓글이 달려, 박씨도 진짜 있었던 일이라고 믿었다. 하지만 이는 인공지능(AI)이 만든 가짜 영상이었다. 박씨는 “친구들이 팔 움직임이 어색하다며 AI 영상이라고 알려주기 전까지는 전혀 눈치채지 못했다”고 했다.AI로 만든 양산형 콘텐츠를 뜻하는 ‘AI 슬롭(찌꺼기)’이 온라인 세상에 범람하고 있다. 기존에는 기괴한 밈(유행 콘텐츠)을 중심으로 AI 영상이 대량으로 ...",https://n.news.naver.com/article/newspaper/023/0003946933?date=20251215,기타,0.037064812,
동아일보,ICT 수출 지난달 37조원… 반도체 호황에 사상 최대,지난달 정보통신기술(ICT) 산업 수출액이 254억5000만 달러(약 37조6000억 원)로 2개월 만에 역대 최대치를 경신했다. 올해만 역대 최대 수출 기록을 4차례 새로 쓴 반도체 수출 호조의 영향이 컸다.14일 산업통상부와 과학기술정보통신부에 따르면 11월 한 달간 ICT 수출은 254억5000만 달러로 전년 같은 달보다 24.3% 증가했다. 글로벌 ICT 기기 수요가 회복한 덕분에 ICT 수출액은 10개월 연속 증가세를 보였다. 올 9월 254억 달러로 역대 최대 수출액을 보인 뒤 2개월 만인 지난달 이를 넘어선 것이다. 지난달 ICT 수입액은 127억7000만 달러로 1년 전보다 2.7% 증가했다. 그 결과 지난달 ICT 무역수지는 126억9000만 달러 흑자를 보여 역시 역대 최대였다. 직전 IC...,https://n.news.naver.com/article/newspaper/020/0003681683?date=20251215,경영,0.03660518,
조선일보,취업 한파·은퇴 후의 삶… 불안해진 고용 현실을 들여다본다,"2026 조선일보 신춘문예총 1만3612편, 역대 최다 응모“시 9000편, 소설 1300편…. 이건 처음 보는 숫자인데요.”2026년 조선일보 신춘문예 시·소설 예심 심사를 위해 지난 11일 본사 회의실에 모인 심사위원들은 살짝 당황한 모습이었다. 압도적인 원고량 때문이었다. 그러나 놀람도 잠시, 이들은 빠른 속도로 원고를 읽어 내려가기 시작했다. 머뭇거렸다간 밤새 회의실에 갇혀 있어야 할 판이었다.지난 8일 마감한 2026년 조선일보 신춘문예 8개 부문에 총 1만3612편이 접수돼 역대 가장 많은 작품이 응모된 것으로 나타났다. 앞선 최다 기록이었던 2018년(1만843편) 기록을 한참 웃돌았고, 응모작이 소폭 줄었던 지난해(7755편)보다는 약 1.8배 증가했다. 부문별로 보면 시 9015편, 단편소설...",https://n.news.naver.com/article/newspaper/023/0003946896?date=20251215,경영,0.034312393,
매일경제,한국부자들의 빨라진 머니무브 … 부동산서 주식·금·코인으로,대한민국 부자들의 자산 포트폴리오 분석금융자산 10억이상 부자들비중 1위 자산은 주택이지만부동산 규제에 관망세 뚜렷현금·주식·가상자산은 늘려보유주식 국내 6개·해외 5개반도체·AI·방산주 많이 담아美·中·베트남·홍콩·유럽 順◆ 부자보고서 ◆100억원대 금융자산을 가진 60대 남성 A씨는 매일 아침 6시에 일어나 1~2시간 동안 경제신문과 유튜브를 통해 밤사이 벌어진 해외 뉴스와 오늘의 주요 이벤트를 체크한다. 올해 국내 주식과 해외 주식으로 50% 이상 수익을 올린 A씨는 내년에도 전반적으로 유동성 확장 국면이 이어질 것으로 예상하고 주식 투자 비중을 올해보다 늘릴 생각이다.올해 부동산보다 금융 투자로 더 많이 자산을 불린 한국 부자들은 내년에도 국내외를 막론하고 주식자산이 가장 유망하다고 내다보고 투자를 ...,https://n.news.naver.com/article/newspaper/009/0005605864?date=20251215,경영,0.03415349,
매일경제,'中부동산 1위' 연쇄몰락…경기침체 경고등,"채권 만기 연장 실패한 완커헝다 이어 대형 개발사 위기최대주주 中국유기업도 영향S&P ""채무불이행 위험 취약""""만기연장돼도 시장 더 혼란""韓, 익스포저 작아 영향 제한적중국 대형 부동산 개발 업체 헝다에 이어 완커까지 디폴트(채무 불이행) 위기에 놓이면서 중국 부동산 시장에 대한 우려가 다시 확산되고 있다. 장기화하는 부동산 침체가 자칫 중국 경제 전체를 크게 악화시킬 수 있어 시장에서 경계의 목소리가 높다.완커는 30년 넘게 중국 부동산 시장을 대표해온 기업이다. 위기 전까지 중국 부동산 시장의 '바로미터'로 불렸고, 계약 판매(분양 계약 실적) 기준으로 업계 1위에 오르기도 했다. 특히 국유 기업인 선전지하철이 지분을 약 30% 보유해 경기 침체 국면에서도 '끝까지 버틸 수 있는 우량 기업'으로 인식돼왔...",https://n.news.naver.com/article/newspaper/009/0005605848?date=20251215,경영,0.033904201,
매일경제,예방대책 부실…10대 자살률 6년째 늘어,"빈곤한 정부 통계분석40대 사망 원인 1위도 '자살'전수조사 통한 심층자료 확보맞춤형 대책으로 사전 예방을2020년 8월 일본의 여성 자살자 수가 급격하게 늘어나는 현상이 벌어졌다. 8월 한 달간 일본의 여성 자살자 수는 650명으로 집계됐는데 이는 전년 같은 기간 대비 40.1%(186명) 증가한 수치였다. 화들짝 놀란 후생노동성 장관이 긴급 성명을 발표하기도 했다.당시 보건복지부 중앙자살예방센터장을 역임했던 백종우 경희대 정신건강의학과 교수는 후생노동성 산하 기관의 의뢰를 받아 해당 사안을 검토했다. 백 교수는 ""일본 정부가 제공한 다양한 데이터를 분석한 결과 코로나19로 고용 문제가 악화되면서 비정규직 여성 중 부양 가족이 많은 여성의 자살률이 올라갔다는 결과가 나왔다""며 ""한 달 만에 원인 파악에 성...",https://n.news.naver.com/article/newspaper/009/0005605817?date=20251215,기타,0.033800147,
매일경제,"與, 3차 상법개정안 속도조절 …""내년 처리""","사법개혁안 연내 먼저 처리내란재판부·2차 특검 강행자사주 소각 의무화는 후순위""통일교 특검 도입"" 野요구엔정치공세로 일축하며 선그어국힘 ""정동영 등 사퇴"" 총공세더불어민주당이 올해 마지막 임시국회에서 처리할 법안을 두고 막판 고심을 거듭하고 있다. 민주당은 '개혁 법안 우선 처리' 방침에 따라 내란전담재판부 설치법과 허위·조작정보근절법(정보통신망법 개정안)을 통과시킬 가능성이 높다. 자사주 의무 소각이 골자인 3차 상법 개정안은 계획과 달리 해를 넘길 것으로 보인다.박수현 민주당 수석대변인은 14일 국회에서 기자간담회를 열고 내란전담재판부에 대해 로펌에 법률 자문한 결과를 정청래 대표가 전날 받아봤다며 ""당 지도부가 최종적으로 방향을 잡고 의원총회를 거쳐 최종 내용이 결정될 것""이라고 말했다. 그러면서 ""폭...",https://n.news.naver.com/article/newspaper/009/0005605856?date=20251215,기타,0.029465483,
한국경제,[이 아침의 피아니스트] 정열적인 건반 위 호랑이…마르타 아르헤리치,"경제와 문화의 가교 한경‘건반 위의 호랑이.’ 기운 넘치는 연주를 선보이는 마르타 아르헤리치(사진)에게 언론이 붙인 수식어다. 1941년 아르헨티나 부에노스아이레스에서 태어난 그는 이탈리아 부소니 국제 콩쿠르, 스위스 제네바 국제 콩쿠르, 쇼팽 국제 피아노 콩쿠르 등에서 우승해 전 세계 음악인의 이목을 끌었다.아르헤리치는 1955년 오스트리아로 이민을 떠나 당시 피아노 연주의 대가이던 프리드리히 굴다에게 음악을 배웠다. 1965년 쇼팽 콩쿠르에서 우승할 땐 정열이 넘치는 연주로 다른 피아니스트에게서 찾아볼 수 없는 독보적 개성을 보여줬다. 단단하고 강한 타건과 흐트러짐 없이 휘몰아치는 속주는 그만의 매력이다. 아르헤리치는 쇼팽, 라흐마니노프, 차이콥스키처럼 낭만주의 정서가 넘치는 곡뿐 아니라 라벨, 버르토크...",https://n.news.naver.com/article/newspaper/015/0005224267?date=20251215,경영,0.027796875,
동아일보,[DBR]“혁신 리더?… 직원들의 ‘작은 천재성’ 발현시켜야”,"조직 혁신 촉진하려면리더의 언어 달라져야강점 기반 접근도 중요인공지능(AI) 기술이 급속도로 발전하면서 많은 기업이 경쟁적으로 새로운 시도를 선보이고 있다. 막대한 예산을 투입해 새로운 시스템을 깔고 AI 파일럿 프로젝트를 돌리면 ‘혁신을 추진하고 있다’는 착각에 빠지기 쉽다. 정작 조직 안으로 들어가 보면 일하는 방식과 의사결정 구조, 리더십과 문화는 예전과 크게 다르지 않은데도 말이다. 직원들은 위험을 감수하기보다 정답을 맞히는 데 익숙하고 사일로와 성과 관리 시스템은 협업과 실험이 아닌 관리와 통제를 강화하는 방향으로 작동한다. 25년간 이러한 딜레마에 빠진 기업들을 관찰해 온 린다 힐 하버드경영대학원 교수는 “혁신이란 기술보다 사람에 관한 것”이라고 말한다. 그러면서 “사람들이 스스로를 혁신의 주체로...",https://n.news.naver.com/article/newspaper/020/0003681706?date=20251215,업계,0.027303839,
중앙일보,"[사진] 정용진, 밴스 부통령 성탄절 만찬 참석","정용진 신세계그룹 회장(오른쪽)이 지난 12일(현지시간) 미국 워싱턴 D.C. 소재 부통령 관저에서 J.D. 밴스 부통령과 기념 촬영을 하고 있다. 성탄절을 기념한 이날 만찬 행사에는 하워드 러트닉 상무부장관, 피트 헤그세스 국방부장관 등도 자리를 함께했다. [사진 신세계그룹]...",https://n.news.naver.com/article/newspaper/025/0003489761?date=20251215,기타,0.027287821,
동아일보,"제주 구룡사 보살좌상, 유형문화유산 지정 예고","조선시대 경남서 제작 후 옮겨와조선시대 만들어진 구룡사 보살상과 복장유물이 제주도 유형문화유산으로 지정된다.14일 제주특별자치도에 따르면 서귀포시 토평동에 있는 ‘서귀포 구룡사 대웅전 목조보살좌상 및 복장유물’을 제주도 유형문화유산으로 지정 예고했다.이 보살상은 1643년(인조 21년) 경남 하동 쌍계사에서 만들어진 것으로, 1953년 구룡사 신도회가 쌍계사에서 제주로 옮겨왔다. 원래 쌍계사에서는 석가여래 부처님 곁에 함께 모셔졌던 보살상(부처님 왼쪽에 모시는 보살·좌협시)으로 추정된다.높이 88cm 크기의 이 보살상은 여래형 복식(부처님처럼 간소하고 단정한 승복 차림)에 화려한 보관(불상이 쓰는 관)을 쓰고 있으며, 손에는 꽃가지를 들고 있다. 특히 올해 처음으로 불상 내부를 열어본 결과 1643년에 작성...",https://n.news.naver.com/article/newspaper/020/0003681680?date=20251215,기타,0.026792154,
동아일보,"韓, 내달 세계 첫 ‘AI 법’ 시행국 될듯… 규제 앞장섰던 EU는 정작 속도조절","정부, 입법예고… 내달 22일 시행업계 “법 대응 준비 시간 더 필요”과기부 “과태료 1년 유예, 정착”세계 첫 인공지능(AI) 규제 법안을 마련했던 유럽연합(EU)이 속도 조절에 들어가면서 우리나라가 내년 1월 세계 최초로 ‘AI 법’을 시행하는 국가가 될 것으로 보인다.14일 과학기술정보통신부에 따르면 우리나라는 이달 22일까지 시행령 입법예고를 거쳐 내년 1월 22일 ‘인공지능 발전과 신뢰 기반 조성 등에 관한 기본법’(AI 기본법)을 시행한다. EU의 AI 규제안을 벤치마킹해 법안을 만든 것인데, 실제 법 적용에 있어서는 우리가 앞서게 된 것이다.EU 집행위원회는 11월 19일 세계 최초의 포괄적 AI 규제인 ‘AI 법’의 핵심 조항 적용을 연기하고, 개인정보 보호 규정을 완화한다고 발표했다. 기업이...",https://n.news.naver.com/article/newspaper/020/0003681700?date=20251215,기타,0.026473126,
중앙일보,쌀도 취향껏 골라 먹는다 찌개엔 '알찬미' 라이스밀크엔 '일품' [Health&],고품질 쌀 품종 시식회하루 필요 에너지 40% 채워주는 쌀알찬미·참드림·일품 등 종류도 다양한 달 내 소비하는 소포장 제품 좋아“이 밥은 윤기가 돌면서 부드러워 아이들에게 먹이기 좋겠어요.” “전 밥알이 좀 더 단단한 쪽이 낫던데요. 씹는 맛이 살아 있어요.”지난달 27일 오후 세종 금남면의 한 카페. 문을 열자 커피향 대신 갓 지은 밥의 구수한 냄새가 밀려왔다. 6가지 밥이 놓인 테이블을 앞에 두고 시식이 한창이었다. 참가자들은 숟가락을 들어 차례로 밥을 맛본 뒤 느낀 점을 적어 비교하고 취향대로 순위도 매겼다. 각 쌀에 어울리는 요리를 먹어 보는 시간도 가졌다. ‘소비자 선호 고품질 쌀 품종 시식회’ 현장이다.이날 행사는 쌀 품종의 다양성을 알리기 위해 마련됐다. 행사에는 시식회를 기획한 농림축산식품부·...,https://n.news.naver.com/article/newspaper/025/0003489799?date=20251215,업계,0.026310771,
한국경제,협업 강화하는 현대그린푸드…'깐부치킨' 단체급식 선보여,"현대백화점그룹 계열 식품기업인 현대그린푸드는 2025 아시아태평양경제협력체(APEC) 정상회의 기간에 글로벌 테크기업 최고경영자(CEO)들의 ‘치맥 회동’으로 화제를 모은 치킨 브랜드 깐부치킨의 메뉴를 전국 단체급식사업장 110여 곳에서 선보인다고 14일 밝혔다. 젠슨 황 엔비디아 CEO와 이재용 삼성전자 회장, 정의선 현대자동차그룹 회장이 깐부치킨에서 함께 먹은 메뉴다.현대그린푸드는 최근 외식 브랜드와의 협업을 강화하고 있다. 이달 초에는 마왕족발 대표 메뉴인 마왕통구이를 내놨다. 이달 말 바비큐 전문점 로코스와 협업한 BBQ 세트도 선보인다....",https://n.news.naver.com/article/newspaper/015/0005224233?date=20251215,업계,0.026122215,
중앙일보,‘해리포터’ 품는 넷플릭스…제2 ‘오겜’ 대박 어려워지나,"세계 최대 온라인동영상서비스(OTT) 넷플릭스의 워너브라더스 디스커버리 인수 추진에 따른 파장이 콘텐트 산업 전반으로 이어지고 있다. 넷플릭스가 할리우드를 대표하는 워너브러더스를 인수하려는 시도 자체가 미디어 빅뱅을 이끄는 넷플릭스의 위상을 재차 증명하고 있다.한국 콘텐트 시장에도 불똥이 튈 수 있다. 압도적 구독자 수를 보유한 넷플릭스가 ‘슈퍼맨’ ‘해리포터’ ‘왕좌의 게임’ 같은 블록버스터 시리즈의 콘텐트 지식재산권(IP)까지 집어삼킬 경우 넷플릭스 내에서의 K콘텐트 입지가 줄어들 수 있다는 우려다.14일 콘텐트 업계의 분석에 따르면, 넷플릭스가 워너브러더스를 품으려는 주된 이유는 IP 확보다. 『애프터 넷플릭스』의 저자인 조영신 동국대 미디어연구소 대우교수는 “넷플릭스의 워너브러더스 인수는 양질의 IP...",https://n.news.naver.com/article/newspaper/025/0003489754?date=20251215,경영,0.025893499,
한국경제,닷새째 압수수색 쿠팡…이용자는 오히려 '증가',유출 규모 커 압색 장기화될 듯경찰이 대규모 개인정보 유출 사태를 빚은 쿠팡 본사에 대해 이례적으로 닷새 연속 압수수색을 했다. 유출 규모가 수천만 건에 달해 서버 압수수색도 1주일 이상 장기화할 것이란 설명이다.서울경찰청 사이버수사과는 지난 13일 오전 9시30분부터 오후 6시까지 수사관 6명을 투입해 서울 신천동 쿠팡 본사 사무실을 압수수색했다. 9일 첫 압수수색 이후 이날까지 5일 동안 하루 10시간씩 강제수사가 이어졌다.외부로 유출된 약 3370만 건의 개인정보가 담긴 클라우드 서버가 방대하기 때문이다. 경찰이 유출자와 유출 경로 등 구체적인 디지털 증거를 확보하는 데 시간이 걸릴 수밖에 없다. 경찰 관계자는 “15일 압수수색을 재개할 것”이라며 “작업을 언제 마무리할 수 있을지 현재로선 가늠하기 어...,https://n.news.naver.com/article/newspaper/015/0005224223?date=20251215,경영,0.025711754,
한국경제,기부금 16조…10년간 30% 늘었다,"개인·법인 기부액 늘었지만GDP 대비 비중은 '역주행'국내 법인과 개인의 기부금이 최근 10년 새 30% 가까이 증가했다. 다만 국내총생산(GDP)에서 기부금이 차지하는 비중은 낮아진 것으로 나타났다.14일 보건복지부와 국세청 등에 따르면 2023년 법인과 개인의 기부금은 16조281억원으로 2013년(12조4859억원)보다 28% 증가했다. 세제 혜택 등을 받기 위해 국세청에 신고한 ‘순수 기부금’으로, 기업의 사회공헌기금과 후원금 등은 포함하지 않은 수치다.법인 기부금은 2022년 4조3982억원에서 2023년 4조4836억원으로 소폭 늘었다. 비영리재단 기부문화연구소에 따르면 기부금액 상위 10개 기업이 전체 법인 기부금의 43%를 냈다. 2023년 개인 기부금은 11조5445억원으로 2022년보다 7...",https://n.news.naver.com/article/newspaper/015/0005224265?date=20251215,기타,0.025520257,
조선일보,법인 기부금 4% 줄고 개인은 47% 늘었다,"지난 10년간 일반 시민이 내는 기부금은 크게 늘어난 반면, 기업 등 법인이 내는 기부금은 오히려 줄어든 것으로 나타났다. 전체 기부금 규모가 늘었는데, 그 증가세는 개인 기부자가 이끌었다는 뜻이다.14일 보건복지부와 국세청에 따르면 개인과 법인이 낸 기부금은 2013년 12조4859억원에서 2023년 16조281억원으로 약 28% 늘었다. 기부금 총액은 2021년 15조5541억원을 기록한 뒤 이듬해 15조977억원으로 줄었지만, 2023년 다시 늘며 16조원을 넘어섰다. 이는 국세청에 신고된 개인·법인 기부금을 집계한 것이다.기부 주체별로 살펴보면 차이가 뚜렷하다. 개인 기부금은 2013년 7조8314억원에서 2023년 11조5445억원으로 47% 늘었다. 반면 법인 기부금은 같은 기간 4조6545억원에...",https://n.news.naver.com/article/newspaper/023/0003946913?date=20251215,경영,0.025278996,
동아일보,[오늘의 운세/12월 15일],● 쥐48년 반가운 소식이나 공돈 들어온다.60년 미우나 고우나 내 가족이 최고.72년 자신의 몸과 물건은 스스로 챙길 것.84년 대인관계 넓어지고 좋은 인맥 형성될 듯.96년 새로운 인연이 생기거나 애정이 깊어진다.08년 오늘은 가족과 함께하는 시간 가져볼 것.● 소37년 묵은 것이 좋다. 역시 구관이 명관.49년 값비싼 물건 구입은 가능한 한 다음에 할 것.61년 할 일은 많고 시간은 없다.73년 대인관계가 좋아지고 넓어진다.85년 대인관계에 신경 쓰고 인맥 넓히기.97년 마음에 들지 않아도 크게 내색하지 말 것.● 범38년 마음은 바쁜데 몸이 따르지 않는다.50년 남의 일에 참견하지 말라.62년 마음에 들어도 결정은 신중하고 천천히.74년 집착하기보다는 가벼운 마음으로 임할 것.86년 자신감도 지나치면...,https://n.news.naver.com/article/newspaper/020/0003681736?date=20251215,경영,0.0229067,
한국경제,'AI 불량 코딩' 검증 기술에 돈 몰린다,월가 퀀트 트레이딩 기업 등 투자인공지능(AI)이 짠 코드의 결함을 찾아내는 검증 스타트업에 투자 자금이 몰리고 있다.14일 AI업계에 따르면 소프트웨어 테스팅 기업 앤티서시스는 최근 1억500만달러 규모의 시리즈A 투자를 유치했다. 월가의 퀀트 트레이딩 기업 제인스트리트가 투자를 주도했다. 하루 수십조원이 오가는 금융 시스템에서 AI가 만든 코드 오류는 곧 천문학적인 금전 손실로 이어진다. AI 코딩의 오류를 미리 잡기 위해 고객사가 직접 투자한 사례다.AI 코드 보안 플랫폼 엔도어랩스도 9000만달러의 자금을 모았다.파이낸셜타임스(FT)는 “소프트웨어 시장의 패권이 ‘누가 더 코드를 잘 짜느냐’에서 ‘누가 더 잘 검증하느냐’로 이동하고 있다”고 진단했다. AI가 코드를 짜는 바이브코딩이 늘어나면서 검증되...,https://n.news.naver.com/article/newspaper/015/0005224238?date=20251215,경영,0.02244568,
매일경제,"日, 내년 방위비 역대최대 … 장사정 미사일·드론 확충","일본 정부가 내년 사상 최대 규모의 방위비(방위 예산) 편성에 나섰다. 방위비 증액과 함께 방위 장비 수출 규제 완화 등 방위력 강화 정책을 본격 추진한다는 계획이다. 14일 교도통신에 따르면 일본 정부는 2026회계연도(2026년 4월~2027년 3월) 방위비 규모를 역대 최대인 9조엔(약 85조원) 정도로 조율하고 있다고 보도했다.일본은 2022년 안보 정책 근간인 3대 안보 문서를 개정하면서 2027회계연도에 방위 관련 예산을 국내총생산(GDP)의 2%로 늘리고, 5년간 방위비로 43조엔(약 407조원)을 확보하기로 했다. 일본 정부는 현재 안보 문서 개정 작업에 착수한 상태로 방위비 증액 속도는 더 빨라질 것으로 예상된다. 일본 정부는 대규모 예산을 통해 장사정 미사일과 무인기(드론) 확충에 나설 방...",https://n.news.naver.com/article/newspaper/009/0005605847?date=20251215,기타,0.021757941,
매일경제,中부동산 또 흔들 …'완커' 유동성 위기,4200억대 채권만기 연장 실패상환 실패 땐 '제2 헝다쇼크'중국의 대형 민간 부동산 개발 업체 완커가 15일 상환 기일이 도래하는 채권의 만기 연장에 실패하면서 디폴트(채무 불이행) 위험에 직면했다. 2021년 헝다그룹의 파산 위기에 이어 중국 부동산 시장이 다시 수렁에 빠져드는 모양새다.완커는 수년간 이어진 건설경기 부진 속에서 생존한 몇 안 되는 대형 개발사로 꼽힌다. 전문가들은 완커의 유동성 위기가 장기 침체에 빠진 부동산 시장을 더 악화시키고 중국 경제 전반에도 부담이 될 수 있다고 경고했다.13일(현지시간) 블룸버그에 따르면 완커는 지난 10일부터 12일까지 채권단에 20억위안(약 4200억원) 규모의 채권 만기 연장안을 표결에 부쳤으나 가결에 필요한 90% 동의 요건을 충족하지 못했다.완커가 처...,https://n.news.naver.com/article/newspaper/009/0005605876?date=20251215,경영,0.021544032,
한국경제,"""비싸도 빈방 없다""…특급호텔 연말 특수",롯데호텔 등 예약률 90% 달해호텔 뷔페는 가격 올려도 꽉 차서울 주요 특급호텔의 객실과 식음업장이 연말 성수기를 맞아 빈자리를 찾기 어려울 정도로 호황을 누리고 있다. 고물가에도 송년 모임과 ‘호캉스’ 수요가 몰려 뚜렷한 연말 특수가 나타나고 있다.14일 호텔업계에 따르면 웨스틴조선서울 롯데호텔서울 등 서울 주요 5성급 호텔의 12월 말 객실 예약률은 80~90%에 달하는 것으로 집계됐다. 통상 호텔업계에서는 객실 가동률이 80%를 넘으면 잔여 객실 운용을 고려해 사실상 만실로 본다.호텔별로는 웨스틴조선서울의 12월 객실 예약률이 90% 수준에 이르렀고 롯데호텔서울도 80%를 웃돌고 있다. 워커힐호텔앤리조트도 크리스마스이브부터 오는 31일까지 예약률이 90%에 달한다. 파르나스호텔이 운영하는 서울 삼성동 ...,https://n.news.naver.com/article/newspaper/015/0005224234?date=20251215,기타,0.021484194,
한국경제,대통령실 '기밀접근권한' 민간에도 준다,"경제안보 한정 기업·학계에 허용통상 대응 위해 민관 '원팀' 구상美·日처럼 제도화…법개정 속도대통령실이 국가기밀 정보에 접근할 수 있는 비밀취급인가 권한을 기존 공직자, 군인 중심에서 기업과 학계 등 민간으로 넓히기로 했다. 경제안보 분야 한정으로 정부와 기업이 ‘원팀’을 구성해 핵심 광물 및 전략자산 등 공급망과 통상 이슈에 기민하게 대응하겠다는 목적에서다.14일 대통령실에 따르면 국가안보실은 이를 위해 최근 정부, 기업, 학계와 함께 경제안보 네트워크를 출범시켰다. 정기적으로 회의를 열어 민관 정보 협력을 강화하고 장기적으로 비밀취급인가를 확대하겠다는 취지다.현행법상 비밀취급인가는 직무상 국가 기밀을 알아야 하는 사람에 한해 신원 조회, 보안 검사 등 엄격한 절차를 거쳐 발급된다. 방위산업 등에 한해선 ...",https://n.news.naver.com/article/newspaper/015/0005224259?date=20251215,경영,0.020713294,
매일경제,벤츠 '장인정신' 마이바흐 V12…내년 한국 누빈다,"한정판 마이바흐 V12 에디션벤츠 브랜드 100년 유산 담아전세계 50대…한국 10대 배정전 세계에서 단 50대만 한정 생산되는 메르세데스-벤츠의 초럭셔리 '메르세데스-마이바흐 V12 에디션'이 내년 1월부터 한국을 누빈다. 50대 가운데 10대가 한국에 배정됐다.벤츠가 지난 11월 출시한 이 에디션은 벤츠 브랜드 100년의 유산과 장인정신을 집약한 한정판이다. 1930년대 '마이바흐 제플린'에 최초 탑재된 V12 엔진의 전통을 기념하기 위해 기획된 모델로, 이를 현대적으로 재해석했다. 메르세데스-마이바흐의 기술력과 디자인 감성을 모두 모았다. 최고급 차량 개인 맞춤 제작 프로그램인 '마누팍투어'를 통해 수작업으로 디자인 요소들을 완성했다.이번 에디션은 마이바흐 S클래스 라인업 중 최상위 모델인 S 680을...",https://n.news.naver.com/article/newspaper/009/0005605751?date=20251215,경영,0.019722253,
한국경제,한국판 테마섹 꿈꾸는 新국부펀드…'정부와의 결별'이 성패 가른다,"DEEP INSIGHT新국부펀드, 투자 목적·지배구조 '세밀한 설계'가 관건테마섹 '성공 방정식' 벤치마킹자원도 재원도 없는 싱가포르30년만에 운용자산 160배 키워안정성 초점 맞춘 KIC와 차별화고위험·고수익 투자로 국부 증식정부 개입 차단한 지배구조가 핵심정부가 소유하되 완전히 독립 운용민간기업 수준 경영 자율권 보장승진 경쟁 대신 성과보상도 한몫""한국 풍토서 쉽지 않아"" 시각도구윤철 부총리 겸 기획재정부 장관이 지난 11일 대통령 업무보고에서 싱가포르 테마섹과 호주 퓨처펀드를 본뜬 ‘한국형 국부펀드’ 설립 계획을 밝히면서 제2의 국부펀드에 대한 관심이 커지고 있다. 외환보유액을 운용하는 한국투자공사(KIC)가 있는데, 별도의 국부펀드를 조성하는 목적과 실현 가능성에 대해 다양한 관측과 평가가 나오고 있...",https://n.news.naver.com/article/newspaper/015/0005224215?date=20251215,경영,0.01901243,
한국경제,"'우크라 EU 가입' 종전 변수로…유럽, 美 설득 나서","내년 중 가입 완료 구상유럽, 러시아 자산 동결유럽과 우크라이나가 제안한 종전안에 내년 우크라이나가 유럽연합(EU)에 가입하는 방안이 담긴 것으로 전해졌다.파이낸셜타임스(FT)는 지난 12일 소식통을 인용해 유럽과 우크라이나가 미국에 제시한 최신 평화 계획에 2027년 1월 1일까지 우크라이나가 EU에 가입한다는 내용이 담겼다고 전했다.종전안에 이 방안이 명시되면 도널드 트럼프 미국 대통령이 우크라이나의 EU 가입을 반대해온 헝가리 등에 압력을 가할 수 있다는 관측이 나온다. 볼로디미르 젤렌스키 우크라이나 대통령은 “(우리의) EU 회원국 자격 문제는 유럽뿐 아니라 사실상 미국에도 달려 있다”고 말했다.FT는 우크라이나의 EU 가입이 실현되면 EU는 신규 가입 절차 전반을 재고해야 한다고 지적했다. 우크라이...",https://n.news.naver.com/article/newspaper/015/0005224250?date=20251215,기타,0.01861657,
매일경제,은행법 개정안 국회 통과 출연금 등 금리 가산 금지,"내년부터 금융·보험업권이 교육세 등 각종 법적 비용을 대출 가산금리에 반영하지 못하게 된다. 14일 국회에 따르면 여야는 전날 본회의에서 민병덕 더불어민주당 의원이 지난해 12월 대표발의한 은행법 개정안을 통과시켰다. 개정안에서는 예금에 대해 한국은행에 의무적으로 적립해야 하는 지급준비금과 예금보험공사에 납부하는 예금보험료, 서민금융 지원을 위해 법으로 부과하는 서민금융진흥원 출연금 등을 가산금리에 반영하지 못하도록 하는 내용이 핵심이다. 기술보증기금과 신용보증기금 등 일부 보증기관 출연금의 경우 가산금리 반영 비율을 50% 이내로 제한했다.은행의 대출 금리는 기준금리에 가산금리를 더한 후 우대금리를 빼는 방식으로 산정된다.[김혜란 기자 / 안정훈 기자]...",https://n.news.naver.com/article/newspaper/009/0005605819?date=20251215,기타,0.017099333,
중앙일보,[오늘의 운세] 12월 15일,"2025년 12월 15일 월요일 (음 10월 26일)쥐 - 재물 : 무난 건강 : 양호 사랑 : 만남 길방 : 南36년생 반가운 소식을 접할 수도. 48년생 사람들과 어울릴 것. 60년생 외출할 일이 생길 수도. 72년생 기다리던 일이나 소식을 접할 수도. 84년생 비전 보이는 일이 생길 수도. 96년생 외국에 관심을 가질 것.소 - 재물 : 무난 건강 : 양호 사랑 : 기쁨 길방 : 南37년생 평화로운 하루가 될 듯. 49년생 유쾌, 상쾌, 통쾌한 하루. 61년생 유익함이 생길 수 있는 하루. 73년생 선택이나 결정할 일이 생길 수도. 85년생 변화에 능동적으로 대처. 97년생 NO가 아니고 YES하라.호랑이 - 재물 : 보통 건강 : 보통 사랑 : 베풂 길방 : 東38년생 내 몸은 내가 챙겨야 한다. 5...",https://n.news.naver.com/article/newspaper/025/0003489733?date=20251215,기타,0.015975697,
매일경제,[단독] 인재 찾아 구만리…폭설 뚫고 美 가로지른 'K과학버스',"""현지 이공계 인력 스카우트""… 출연硏 美출장 가보니매일 이동에만 3시간 강행군美서 유학중인 韓 학생들 만나채용정보 제공·멘토링 등 소통학생들 ""직접 찾아주셔서 감동졸업 후 고국에서 일하고 싶어""지난 8일(현지시간) 미국 일리노이주, 광활한 평원을 가로질러 버스 한 대가 달렸다. 창밖은 영하 15도를 밑도는 강추위와 눈으로 꽁꽁 얼어붙어 있었다. 정부 출연연구기관 원장들과 과학기술특성화대학 교수진이 '인재 찾아 3만리'를 떠난 길이었다.시카고에서 어배너섐페인으로, 다시 웨스트라피엣으로 도시를 옮길 때마다 꼬박 2~3시간이 걸리는 장거리 버스 강행군이 매일 이어졌다. 이들이 눈 덮인 시골길을 마다하지 않은 이유는 하나였다. ""인재가 있는 곳이라면 어디든, 아무리 먼 곳이라도 직접 찾아가겠다""는 절박함 때문이었...",https://n.news.naver.com/article/newspaper/009/0005605833?date=20251215,업계,0.015868761,
매일경제,"""제2, 제3의 쿠팡사태 빈번할 것 … '한국형 집단소송' 도입해야""","쿠팡 공동소송 이끄는 이은우 법무법인 지향 변호사소비자 단체로 소송주체 제한기업 사회적 책무 다하게 하는유럽형 단체소송 참고할 필요늘어나는 소액 다수 피해사건피해자 전체에 판결 적용되는'옵트아웃' 방식 적용 검토해야""소송이 많은 한국에서는 유럽형 단체소송 제도가 더 적합하다고 봅니다. 자격을 갖춘 소비자단체 등에만 권한을 주되, 소송의 결과는 전체 소비자가 혜택을 보도록 하면 기업과 소비자 양쪽이 모두 윈윈할 수 있습니다.""이은우 법무법인 지향 변호사는 최근 매일경제와 인터뷰에서 '한국형 집단소송' 제도 논의가 필요하다며 이같이 밝혔다. 쿠팡의 개인정보 유출 사태를 계기로 이재명 대통령이 ""집단소송제 도입이 꼭 필요하다""고 밝히면서 관련 논의가 급물살을 탈지 주목된다.법무법인 지향은 고객 정보를 불법으로 수...",https://n.news.naver.com/article/newspaper/009/0005605865?date=20251215,경영,0.015593488,
한국경제,"강경성 ""수출 1조 달러 시대…소비재 한류가 앞당길 것""","한류박람회 연 KOTRA 사장""수출 품목 다변화 일등공신 역할기업 해외공장 지어도 수출 늘 것""“K소비재가 인기를 끌면서 제조업 의존도가 높은 대한민국 수출이 새로운 전기를 맞았습니다.”강경성 KOTRA 사장(사진)은 지난 11일 ‘2025 한류박람회’가 열린 말레이시아 쿠알라룸프르 선웨이피라미드 컨벤션센터(SPCC)에서 기자와 만나 “수출 1조달러 시대를 앞당기고 수출 포트폴리오를 강화하는 데 소비재가 일등 공신이 되고 있다”며 “소비재 한류를 통해 수출 다변화라는 큰 숙제를 풀어가도록 하겠다”고 말했다.소비재 수출이 늘어나는 배경엔 ‘한류’가 있다는 게 강 사장의 분석이다. 한류가 국가 브랜드 가치를 높여주고, 국가 신인도 향상에 기여해 다시 수출이 증가하는 ‘선순환 구조’의 촉매제 역할을 하고 있다는 ...",https://n.news.naver.com/article/newspaper/015/0005224241?date=20251215,경영,0.015492557,
중앙일보,"주담대 갈아타려 해도, 금리 낮은 은행이 안 보인다","━금리 더 높은 대환대출지난해 10월 경기 구리시에 있는 집을 산 최모(42)씨는 다른 은행 대출로 갈아탈 수 있는 제도를 최근 알게 됐다. 금리가 더 낮은 다른 은행의 주택담보대출 상품으로 옮기려던 그는 이내 실망했다. 비교적 높다고 생각했던 자신의 기존 대출 금리보다 갈아타기용 금리가 더 높았기 때문이다. 최씨는 “0.2%포인트라도 우대금리를 받으려고 급여 통장을 만들고 카드 실적을 채우는데, 대출을 갈아타면 오히려 금리가 더 높아져 이용할 이유가 없었다”고 말했다.서민의 이자 부담을 낮추기 위해 도입된 대환대출(대출 갈아타기) 제도가 유명무실해졌다. 일반 대출보다 금리가 높은 데다, 일부 은행은 아예 관련 창구를 닫았다. 정부가 가계대출 줄이기에 나서며 은행들이 굳이 다른 은행 대출을 끌어안을 이유가 ...",https://n.news.naver.com/article/newspaper/025/0003489724?date=20251215,경영,0.015210201,
한국경제,환손실 위험 크지만…외국기업 인수 2배 늘어,"해외서 성장동력 찾는 韓기업국내 기업들의 해외 기업 인수(아웃바운드 거래)도 급증하고 있다. 높은 원·달러 환율에도 해외에서 신성장 동력을 찾기 위해 환손실 위험을 감수하고 나선 셈이다.14일 한국경제신문 자본시장 전문 매체 마켓인사이트에 따르면 올 들어 지난 3분기까지 아웃바운드 바이아웃 거래(발표 기준)는 총 31건, 9조4647억원 규모다. 지난해 전체 거래 규모(4조6369억원)를 이미 두 배 이상 뛰어넘었다. 올해 가장 큰 규모의 아웃바운드 인수합병(M&A)은 삼성전자의 독일 플랙트그룹 인수다. 삼성전자는 유럽 최대 공조기기 기업 플랙트 지분 100%를 15억유로(약 2조3700억원)에 인수했다. DB손해보험은 미국 보험사 포테그라를 16억5000만달러(약 2조3000억원)에 사들였다.크래프톤의 일...",https://n.news.naver.com/article/newspaper/015/0005224264?date=20251215,경영,0.015181937,
동아일보,"“노란봉투법, 보완 입법 필요” 주요기업 99%가 호소",87%는 “노사관계 악화 우려”경총 “불확실성 미해소땐 현장 혼란”내년 3월 노동조합법 2·3조 개정안(노란봉투법) 시행을 앞두고 국내 주요 기업 10곳 중 9곳이 노사관계 악화를 우려하는 것으로 조사됐다. 조사 기업의 99%는 법 시행 유예 등 국회 차원의 보완 입법이 시급하다고 호소했다.한국경영자총협회는 매출 5000억 원 이상 주요 기업 100곳을 대상으로 한 ‘노란봉투법 시행 관련 이슈 진단’ 결과를 14일 발표했다. 응답 기업의 87.0%는 개정 노조법이 노사관계에 부정적 영향을 미칠 것으로 전망했다. 주된 우려 요인으로는 △하청 노조의 과도한 교섭 요구(74.7%) △모호한 법 규정에 따른 분쟁 증가(64.4%) 등이 지목됐다.최대 쟁점인 ‘사용자 범위 확대’와 관련해서는 77.0%가 ‘원청의 사...,https://n.news.naver.com/article/newspaper/020/0003681690?date=20251215,경영,0.014685568,
동아일보,밴스 美부통령 주최 ‘성탄절 만찬’ 함께 한 정용진,"美상무-슈밋 前구글 CEO도 참석정용진 신세계그룹 회장이 J D 밴스 미국 부통령이 주최한 성탄절 만찬에서 밴스 부통령 등 고위급 인사들과 만났다. 미 행정부 핵심 인사와 접점을 넓히면서 글로벌 네트워크 기반 강화를 본격화하는 움직임이다.14일 신세계그룹에 따르면 정 회장은 12일(현지 시간) 미국 워싱턴에 있는 밴스 부통령 관저에서 열린 만찬에 참석했다. 이날 행사에는 하워드 러트닉 상무장관, 피트 헤그세스 국방부장관, 수지 와일스 백악관 비서실장 등이 참석했다. 에릭 슈밋 전 구글 최고경영자(CEO), 시암 상카르 팔란티어 최고운영책임자(COO) 등 주요 기업인들도 함께했다.이번 회동은 정 회장이 도널드 트럼프 미국 대통령의 장남인 트럼프 주니어와의 친분을 바탕으로 대미 네트워크를 확장해 온 결과라는 분...",https://n.news.naver.com/article/newspaper/020/0003681697?date=20251215,경영,0.014450144,
한국경제,스페이스X 상장 예고…우주항공 ETF '고공비행',"ETF 주간 수익률'1Q 미국우주항공테크'한주간 9.41% 올라 '톱'KAI·대한항공 등 담은'PLUS 우주항공'이 2위국내외 우주항공 관련주 급등에 힘입어 관련 상장지수펀드(ETF)가 큰 폭으로 올랐다. 항공 관련 종목을 담은 방위산업 ETF도 덩달아 뛰었다.14일 ETF체크에 따르면 지난주 가장 수익률이 높은 ETF는 ‘1Q 미국우주항공테크’였다. 한 주 동안 9.41% 상승했다. 이 상품은 미국 증시에 상장한 우주항공 관련주에 주로 투자한다. 로켓랩(보유 비중 18.43%)과 조비에비에이션(14.27%), AST스페이스모바일(12.35%) 비중이 높은 편이다. 로켓랩은 지난주 22.78% 급등하며 ETF 수익률을 끌어올렸다. 일론 머스크 테슬라 최고경영자(CEO)가 이끄는 우주항공 기업 스페이스X가 내...",https://n.news.naver.com/article/newspaper/015/0005224188?date=20251215,업계,0.014276084,
동아일보,“모두 춤춰”… 美팝스타 도자 캣의 야성적 에너지 폭발,"첫 내한공연에 1만4000여명 환호날카로운 랩-몽환적 보컬 돋보여무대 언어로 승화된 몸짓, 오감 자극“서울! 모두 춤 춰(Everybody, go dance)!”13일 오후 경기 고양시 킨텍스 제2전시장 10홀.이렇게 추운 날, 이렇게 후끈 달아오르는 무대라니. 도자 캣(Doja Cat)은 역시 도자 캣이었다.미국 팝스타 도자 캣이 9월 발매한 정규 5집 ‘비(Vie)’를 기념해 가진 첫 내한 공연은 눈보라를 뚫고 모여든 1만4000여 명의 한기를 금세 녹여 버렸다. 무대 내내 이어진 퍼포먼스는 모두의 체온과 호흡, 집중력을 함께 끌어올렸다.도자 캣은 올 2월 블랙핑크 리사와 부른 ‘본 어게인(Born Again)’으로 국내 팬에게도 익숙한 글로벌 아이콘. 2014년 데뷔해 ‘쥬시(Juicy)’ ‘세이 소(...",https://n.news.naver.com/article/newspaper/020/0003681729?date=20251215,기타,0.013288519,
조선일보,故 김지미 배우에게 금관문화훈장 추서,"정부가 지난 7일 미국에서 별세한 고(故) 김지미 배우에게 금관문화훈장을 추서했다. 이는 1997년 보관문화훈장, 2016년 은관문화훈장에 이어 김지미에게 수여하는 세 번째 훈장이다.14일 오후 최휘영 문화체육관광부 장관은 김지미의 추모 공간이 마련된 서울 충무로 서울영화센터를 찾아 고인에게 추서된 금관문화훈장을 전달했다. 문체부는 “고인은 1957년 영화 ‘황혼열차’로 데뷔한 이후 ‘토지’ ‘약속’ ‘길소뜸’ 등 수많은 작품에서 주연을 맡으며 한국 영화의 성장기를 이끌었다”면서 “대중성과 예술성을 겸비한 배우로, 한 시대의 영화 문화를 상징하는 배우였다”고 설명했다. 또한 “배우 활동과 더불어 지미필름을 설립해 제작자로도 활동하며, 한국 영화 생태계 보호와 제도적 기반을 강화하는 데 실질적인 역할을 수행해...",https://n.news.naver.com/article/newspaper/023/0003946897?date=20251215,기타,0.012630335,
동아일보,"삼성전자, 스마트싱스 ‘AI 절약모드’… “에너지 소비량 30% 감소 실증”","삼성전자는 스마트싱스 ‘인공지능(AI) 절약모드’를 통해 고효율 세탁기의 에너지 사용량이 약 30% 감소하는 것을 실증했다고 14일 밝혔다.삼성전자는 글로벌 탄소 검증 기관 ‘카본 트러스트’와 ‘AI 절약모드’의 에너지 절감 효과 검증을 위해 지난해 7월부터 올해 6월까지 약 1년간 126개국에서 사용 중인 약 18만7000대의 삼성전자 고효율 세탁기를 대상으로 에너지 사용량을 측정했다. 그 결과 전체 에너지 사용량의 30% 수준인 총 5.02GWh(기가와트시)의 에너지가 절감된 것으로 나타났다. 이는 서울시 1만4000가구가 여름철 한 달 동안 사용하는 전력량과 맞먹는다.‘AI 절약모드’는 스마트싱스에 연결된 가전 기기의 에너지 사용량을 관리하고 절감해주는 기능으로, 이번 검증은 ‘AI 절약모드’를 자유롭...",https://n.news.naver.com/article/newspaper/020/0003681702?date=20251215,기타,0.012398829,
한국경제,"LG이노텍, 기판 호실적 기대로 강세","주목 이 종목!카메라 모듈 의존 커아이폰 판매 따라 희비고마진 기판 신사업4분기부터 매출 발생주가 이달 23.6% 급등LG그룹 전자부품 제조회사 LG이노텍 주가가 이달 들어 20% 넘게 뛰었다. 애플의 아이폰 카메라 모듈에 의존하던 실적 기반이 고마진 기판 매출 증가로 확대될 것이란 기대에 매수세가 몰렸다.14일 한국거래소에 따르면 LG이노텍은 지난 12일 유가증권시장에서 29만4500원에 거래를 마쳤다. 이달 들어 상승률이 23.62%에 달한다. 기관과 외국인 투자자가 각각 980억원, 620억원어치 주식을 순매수하며 주가를 끌어올렸다.LG이노텍은 회사 매출의 80%가 애플에 공급하는 카메라 모듈에서 발생한다. 긴밀한 사업 관계를 이유로 ‘한국에 상장된 애플 계열사’로 불리기도 했다. 지난해에도 광학솔루션...",https://n.news.naver.com/article/newspaper/015/0005224186?date=20251215,경영,0.01202238,
한국경제,암보험 진단금 통상 1회 지급…간·폐암은 '치료비 보장' 핵심,"보험 리얼 가이드암 보험의 대표적인 오해가 ‘암 진단금만 넉넉하면 준비가 끝난다’는 생각이다. 그러나 이는 안일한 생각일 수 있다. 통상 암 진단비는 최초 1회 지급으로 끝난다. 문제는 그 이후다. 최근 암 치료의 패턴은 과거와 완전히 달라졌다. 고액 항암제, 표적·면역치료제 등 신의료기술 중심으로 치료가 재편되면서 진단 이후 발생하는 유지·관리 비용이 기하급수적으로 늘었다. 치료 한 번에 수백만원이 드는 현실 앞에서 비급여 부담 탓에 치료를 중단하는 악순환이 빈번하게 일어난다.의학의 발전으로 암은 이제 ‘죽는 병’이 아니라 ‘안고 사는 질병’이 됐다. 치료 기간이 길고 재발 관리까지 고려해야 한다. 따라서 여성은 유방·갑상샘암, 남성은 폐·간암 등 발생 빈도가 높고 치료가 장기화될 수 있는 암을 중심으로 ...",https://n.news.naver.com/article/newspaper/015/0005224178?date=20251215,업계,0.012010839,
동아일보,은행 대출금리에 보험료 등 비용 못붙인다,"은행법 개정, 내년 6월께 시행은행법 개정안의 국회 통과로 내년 6월경부터 은행들이 대출금리에 지급준비금, 예금자보험료 등 여러 법적 비용을 반영하지 못하게 된다. 앞서 더불어민주당은 은행이 법적 비용을 가산금리에 전가해 소비자 부담이 커지고 있다며 은행법 개정안 처리를 추진해 왔다.금융위원회는 13일 이 같은 내용의 은행법 개정안이 국회 본회의를 통과했다고 밝혔다. 조만간 국무회의에서 공포되면 6개월 후인 내년 6월경부터 시행될 것으로 보인다.그동안 은행은 대출금리 산출 때 은행연합회 자율규제인 ‘대출금리 체계의 합리성 제고를 위한 모범규준’에 따라 가산금리에 신용보증기금·기술보증기금 등의 출연금을 법적 비용 항목으로 반영해 왔다.하지만 이번 은행법 개정으로 은행들은 지급준비금, 예금자보험료, 서민금융진흥...",https://n.news.naver.com/article/newspaper/020/0003681685?date=20251215,기타,0.011911234,
동아일보,"러, 겨울 에너지시설 맹공… 우크라 100만 가구 정전","극초음속 미사일로 최대규모 공습우크라는 드론 450대 띄워 반격도널드 트럼프 미국 대통령의 중재에도 우크라이나 전쟁의 종전 협상이 성과를 내지 못하는 가운데, 러시아와 우크라이나의 충돌이 격화되고 있다. 러시아는 우크라이나 남부 항구도시 오데사의 에너지 기반 시설을 겨냥해 전쟁 발발 뒤 최대 규모의 공습을 단행했다. 특히 러시아는 이번 공격에 비행 중 궤적을 크게 바꿀 수 있어 요격이 어려운 킨잘 극초음속 미사일을 이용해 우크라이나 산업·에너지 시설을 타격했다고 밝혔다. 우크라이나도 러시아 사라토프 지역에 무인기(드론) 공격을 단행했다.13일 BBC, CNN 등에 따르면 러시아는 전날부터 이날까지 우크라이나 남부 여러 지역의 에너지 산업 기반 시설을 집중 공격했다. 이로 인해 남부 거점 도시인 오데사를 중심...",https://n.news.naver.com/article/newspaper/020/0003681752?date=20251215,업계,0.011509579,
한국경제,ETF로 자금 유입되는데 XRP는 '고전',크립토 나우누적 유입액 10억달러 육박생태계 부진에 한달새 16%↓엑스알피 상장지수펀드(ETF)에 자금 유입이 지속되고 있지만 정작 엑스알피 가격은 부진을 거듭하고 있다. 다만 기관 자금 유입세가 지속되는 만큼 뒤늦은 상승 랠리로 이어질 수 있다는 관측도 나온다.14일 가상자산 데이터 분석업체 소소밸류에 따르면 미국 엑스알피 현물 ETF는 이날 기준 18거래일 연속 자금 순유입을 기록했다. 엑스알피 현물 ETF는 지난달 중순 출시 이후 한 번도 자금 순유출을 기록하지 않았다. 누적 순유입액은 9억5000만달러(약 1조4000억원) 규모로 10억달러에 육박했다.하지만 엑스알피 가격은 고전을 면치 못하고 있다. 코인마켓캡에 따르면 엑스알피 가격은 최근 한 달 새 16% 가까이 내리며 2달러 안팎에서 거래되고 있...,https://n.news.naver.com/article/newspaper/015/0005224179?date=20251215,기타,0.01104786,
매일경제,[K제조업 AI파워업] AI로 차부품 제조 全과정 데이터축적…대기업 스펙맞게 맞춤설계,"태림산업 제조혁신 현장 가보니차 부품마다 고유 코드 부착해조립 압력·뒤틀림 강도 기록AI 통해 실험실 수준 품질 검수스마트공장 전환후 매출 2배↑GM 등 글로벌 완성차업계데이터 기반 생산 요구 거세年1천명 ""혁신 배우자"" 찾아와◆ 창간 60주년 K제조업 AI파워업 ◆자율주행 무인 유도 지게차가 창고로 가서 박스를 한가득 실어 공장으로 가져온다. 이어 컨베이어 벨트를 탑재한 자율주행 물류 로봇이 요크(연결부 부품) 등 필요한 부품을 두 박스씩 실어 작업할 위치에 자동으로 옮겨두면 작업자가 이를 받아 조립에 나선다. 설비 기기에 탑재된 머신비전은 인공지능(AI) 기반 분석·검사 과정을 통해 치수가 맞는지, 비틀림은 어느 정도인지 측정해 불량품을 잡아냈다.최근 방문한 경남 창원 태림산업 공장에서는 자율주행 로봇과...",https://n.news.naver.com/article/newspaper/009/0005605873?date=20251215,경영,0.011039383,
매일경제,세단처럼 주행하다 가속땐 스포츠카 본능…두 얼굴의 포르쉐,"포르쉐 '파나메라 터보 E-하이브리드' 시승기V8 트윈터보에 전기모터최대 680마력 '괴력' 뿜어내정숙성·폭발적 성능 뽐내고코너 구간선 민첩성 뛰어나하이브리드 시스템도 일품포르쉐 파나메라 터보 E-하이브리드(PHEV)는 전동화 시대에 고성능 프리미엄 브랜드가 지향해야 할 기준점을 다시 규정한다.파나메라 터보 E-하이브리드의 시동 버튼을 누르는 순간부터 전달된 분위기는 조용하지만 팽팽하게 긴장된 감각이었다. 고급스럽게 정제된 정숙성과 폭발적 출력을 드러낸 파나메라는 PHEV 대형 세단의 부드러움과 포르쉐 플래그십의 본능적 성능을 동시에 선보였다.외관은 먼저 색감이 시선을 압도했다. 마데이라 골드 메탈릭은 빛의 각도에 따라 브라운과 골드, 브론즈를 오가는 깊이 있는 채도를 드러내 신형 파나메라가 가진 날카로운 ...",https://n.news.naver.com/article/newspaper/009/0005605752?date=20251215,업계,0.010842519,
조선일보,[강헌의 히스토리 인 팝스] [292] 젠슨 황과 골든벨의 정신,"Wings, ‘Let ’Em In’ (1976)골든벨은 소소하지만 낭만적인 이벤트다. 퀴즈 최후의 승자가 됐을 때, 혹은 술집에서 모든 테이블을 계산해 줄 때 울리는 종. 10월 말 서울 강남 삼성역 인근 한 치킨집에서 젠슨 황 엔비디아 CEO가 200만원 상당의 골든벨을 울렸다. 이재용 삼성전자 회장, 정의선 현대차그룹 회장과 함께한 ‘치맥 회동’에서였다.12월 초, 영국 경제지 파이낸셜타임스는 젠슨 황을 2025년 올해의 인물로 선정했다. “비즈니스와 금융계를 휩쓸고 있는 AI 열풍”을 이끄는 반도체 제국의 수장. 엔비디아를 세계 최초로 시가총액 5조달러를 돌파한 기업으로 만든 인물. 그가 두 동료와 창업한 회사는 이제 인류 역사상 가장 영향력 있는 기술 기업 중 하나가 됐다. 하지만 그는 여전히 실리콘...",https://n.news.naver.com/article/newspaper/023/0003946872?date=20251215,경영,0.01062801,
중앙일보,"[사진] 조미김, 미 상호관세 면제",14일 서울의 한 마트에 조미김이 진열돼 있다. 해양수산부는 지난달 미국 백악관이 발표한 상호관세 설명자료에 조미김이 무관세 품목으로 기재됐다고 이날 밝혔다. 국내 수산물 중 관세율이 15%에서 무관세로 낮아진 품목은 조미김이 유일하다. [연합뉴스]...,https://n.news.naver.com/article/newspaper/025/0003489720?date=20251215,기타,0.010521281,
한국경제,그룹 흔드는 오너 '상속·이혼소송'…인기 높아진 가사전문법관,"'兆단위 재산 분할' 향방 달려전문법관 중요성 커져SK 최태원·노소영 세기의 이혼 등가사·소년 전문법관 1년새 3배로8조 걸린 스마일게이트 CVO 이혼화우 vs 가온·대륙아주 맞붙어LG 구광모 회장 상속회복청구訴율촌·이승엽 등 빅로펌·전관 합류SK LG 스마일게이트 등 주요 기업 총수를 당사자로 하는 이혼, 상속 등 가사소송이 재계를 뒤흔들고 있다. 일차적으로는 총수의 개인사지만, 소송 결과에 따라 조 단위 규모 기업 지분의 향방이 결정될 수 있어 그룹에 미치는 파급 효과가 상당하다는 평가가 나온다. 가사소송의 중요도가 갈수록 커지면서 ‘전문법관’ 선발을 희망하는 판사도 눈에 띄게 늘어나는 추세다.◇가사·소년 전문법관 선호 늘어14일 법원행정처에 따르면 올해 11월 기준 가사·소년전문법관은 11명으로, 전년...",https://n.news.naver.com/article/newspaper/015/0005224165?date=20251215,경영,0.010286858,
한국경제,1400원대 고환율 시대…달러 분할매수로 비중 늘려야,"WM라운지“환율이 정말 1500원을 넘길까요?”최근 고객들에게 가장 자주 듣는 질문이다. 원·달러 환율 1100~1200원대를 기억하는 이들에게 ‘1400원’이란 숫자는 당혹스러울 수밖에 없다. 내년 환율의 향방은 미 중앙은행(Fed)의 금리 인하 속도, 미국의 관세 정책, 그리고 한국 반도체 수출 지표라는 3대 변수에 달려 있다. 주요 기관은 1350원에서 1450원 사이의 등락을 예상하지만, 미국 내 원화 유동성 증가 등 구조적 요인으로 인한 ‘달러 초강세’ 가능성도 배제할 수 없는 상황이다.고환율 시대에 대처하는 우리의 자세도 달라져야 한다. 원화 가치 하락과 인플레이션 위험을 동시에 방어할 수 있도록 자산 포트폴리오를 재점검해야 할 때다. 가장 현명한 전략은 통화 분산이다. 가령 현금 자산이 10억원...",https://n.news.naver.com/article/newspaper/015/0005224181?date=20251215,경영,0.010203074,
동아일보,100원 오른 연탄 도매가도 힘들어…“아껴 땔수밖에”,"탈석탄 정책에 공장 보조금 줄어“기초연금으로 사는데 막막하다”“연탄 계층, 형편 좋아질 기회 희박쿠폰 현실화-난방법 개선 필요“ 지적“돈벌이 시원찮은 늙은이가 버틸 재간이 있나. 아껴서 때든가 추워도 참든가 해야지.”10일 대전 동구 대동에서 만난 박정범 씨(85)는 주름살이 깊게 팬 얼굴로 이렇게 말했다. 10여 년 전 가스보일러를 쓰려고 했더니, 가스를 끌어오는 공사비만 300만 원이 필요했다. 넉넉지 못한 형편에 엄두도 못 냈다.박 씨의 연탄창고에는 주민센터와 복지관에서 나눠 준 연탄 600여 장이 있다. 겨울에는 하루에 연탄 8장이 필요하다. 두 달가량 버틸 수 있는 양이지만 턱없이 부족하다. 그는 “11월부터 이듬해 3월까지 연탄을 쓴다”며 “기초연금으로 아등바등 사는데 연탄 가격까지 오르면 막막하...",https://n.news.naver.com/article/newspaper/020/0003681705?date=20251215,경영,0.010114933,
한국경제,[취재수첩] '가산금리 규제'로 서민 금융 부담 덜어질까,"실제 대출금리 인하는 어려워취약계층 대출 문턱 높아질 수도신연수 금융부 기자은행 가산금리를 규제하는 은행법 개정안이 지난 13일 국회를 통과했다. 은행 가산금리에 지급준비금과 예금보험료, 서민금융진흥원 출연금 등을 반영하지 못하도록 하는 내용이 핵심이다. 최근 인상된 교육세율 인상분도 금리에 반영하는 게 금지된다. 기술보증기금, 신용보증기금, 주택금융공사 등 보증 기관 출연금은 최대 50%만 반영할 수 있다.이재명 대통령의 공약이기도 한 이 법안은 고금리 시기 금융 소비자의 고통을 양분으로 은행이 막대한 이자 수익을 올렸다는 문제의식에서 나왔다. 은행이 각종 비용을 금리 형태로 차주에게 전가하는 것을 막아 서민의 이자 부담을 완화하겠다는 게 법의 취지다. 이 법안을 주도한 민병덕 더불어민주당 의원은 국회에서...",https://n.news.naver.com/article/newspaper/015/0005224291?date=20251215,경영,0.010053311,
동아일보,인천 제3연륙교 개통에 영종도 대중교통 늘린다,"다음 달 5일 개통 맞춰 버스 노선 신설인천 중구 영종도와 육지를 연결하는 해상교량인 제3연륙교 개통에 맞춰 영종도의 대중교통 인프라가 확충된다.14일 중구에 따르면 제3연륙교가 내년 1월 5일 개통함에 따라 인천국제공항이 있는 영종도와 서구를 오가는 시내버스 2개 노선을 신설하기로 했다. 신설 노선은 281번(인천공항 제2여객터미널∼청라국제도시∼석남동)과 282번(중구 영종하늘도시∼청라국제도시∼신현동)으로 모두 제3연륙교를 지나간다. 이에 따라 현재 영종대교를 경유해 운행하는 시내버스 3개 노선(202번, 306번, 307번)을 포함하면 영종도와 서구를 잇는 시내버스 노선은 모두 5개로 늘어난다.중구는 영종하늘도시의 접근성을 개선하기 위해 306, 307번 시내버스도 제3연륙교를 경유하도록 노선 조정을 시...",https://n.news.naver.com/article/newspaper/020/0003681741?date=20251215,기타,0.009596043,
매일경제,AI 새판 짜는 4대그룹 새해 사업계획 '잰걸음',"4대 그룹이 글로벌 공급망 재편과 고환율, 경기 둔화 등 대외 불확실성이 커지는 가운데 내년 인공지능(AI)을 중심으로 경영전략 수립에 속도를 내고 있다. 인공지능 전환(AX)을 통해 중장기 성장 기반을 다지겠다는 구상이다.14일 재계에 따르면 삼성전자는 16일부터 글로벌 전략회의를 열고 내년도 사업 전략과 중장기 방향성을 점검한다. 삼성전자는 매년 6월과 12월 주요 경영진과 해외 법인장이 참석하는 글로벌 전략회의를 통해 사업 목표와 영업 전략, 투자 방향을 논의해왔다.메모리 사업부는 6세대 고대역폭메모리(HBM4)를 중심으로 고객 맞춤형 대응 전략을 논의할 것으로 보인다. 엔비디아 외에도 구글 TPU 등 다양한 AI 칩이 부상하면서 고객별 특성에 맞춘 메모리 설계와 공급 역량이 경쟁력의 핵심으로 부각되고...",https://n.news.naver.com/article/newspaper/009/0005605762?date=20251215,업계,0.009337251,1
한국경제,"'""80만원이 넘는다고요?""…1돈짜리 돌반지 사려다가 '기겁'","Cover Story금속 원자재 투자법금·은·동 다 오르네원자재 담으니 자산 지갑이 '든든국제 금값 올들어 58.6% 상승중앙은행·기관·개인 매수 몰려“1돈(3.75g)짜리 돌반지가 80만원이 넘는다고요? 올초만 해도 50만원대였는데….”금·은·구리 등 주요 금속 원자재 가격이 가파르게 오르고 있다. 국제 은값은 올 들어 100% 가까이 급등했고, 금과 구리도 두 자릿수 상승률을 기록 중이다. 전문가들은 글로벌 경제와 산업 구조가 구조적 변화를 겪고 있는 만큼 원자재 투자를 통해 자산 포트폴리오를 다각화할 필요가 있다고 조언한다.중앙은행도, 개인도 ‘금 사재기’14일 미국 뉴욕상품거래소(COMEX)에 따르면 금 선물 가격은 올 들어 지난 12일까지 58.57% 상승했다. 올해 1월 초만 해도 트로이온스당 2...",https://n.news.naver.com/article/newspaper/015/0005224197?date=20251215,경영,0.009281189,
동아일보,대전-충남 행정통합 위해 시민 600명 집결,"대전시의회-민관협의체 등국회 특별법 심의 의결 촉구대전시는 대전·충남 행정통합 설명회와 시민 한마음 촉구대회를 개최하고 대전·충남 행정통합 특별법안의 빠른 국회 심의 의결을 촉구했다고 14일 밝혔다.시는 12일 시청 대강당에서 대전시의회, 대전·충남 행정통합 민관협의체와 공동으로 시민 등 600여 명이 모여 대회를 열었다. 이날 행사는 최근 이재명 대통령이 행정 통합의 필요성을 공식 언급하면서 통합 논의가 새로운 전기를 맞은 가운데 마련됐다. 이 대통령은 최근 충남 타운홀 미팅에서 “국정을 책임지는 사람 입장에서 충남과 대전을 모범적으로 통합해 보면 어떨까 하는 생각을 한다”고 말했다.이날 대회에서 이창기 민관협 공동위원장은 10월 2일 특별법안 발의 이후 경과를 소개하며, 통합으로 기대되는 효과를 설명했다...",https://n.news.naver.com/article/newspaper/020/0003681747?date=20251215,경영,0.009234704,
중앙일보,[김동호의 시선] 한국의 국력이 만들어가는 한·일 파트너십,"서울 마포구에는 한국 현대사의 두 축인 산업화와 민주화를 상징하는 공간이 모두 들어서 있다. 박정희기념관과 김대중도서관이다. 이런 물리적 인연을 계기로 최근 두 기관 관계자들이 공동학술회의를 열었다. ‘박정희가 열고, 김대중이 넓힌 한·일 관계’를 주제로 그 미래를 논의하는 자리였다. 산업화를 대표하는 대통령과 민주화를 이끌었던 대통령을 연구하는 학자들이 한자리에 모인 것은 다소 보기 드문 광경이었다. 그러나 한국 현대사의 연속성을 생각하면 이상할 게 없다. 산업화와 민주화는 충돌하는 가치가 아니라 오늘의 대한민국을 만든 두 개의 기둥이다. “역사는 과거와 현재의 끊임없는 대화”라는 역사학자 E. H. 카의 통찰도 이 상황에 잘 어울린다.박정희가 열고 김대중이 넓힌 길한국 국력이 파트너십 지속의 키국력 흔들...",https://n.news.naver.com/article/newspaper/025/0003489747?date=20251215,경영,0.009208323,
동아일보,"카톡 친구목록, 오늘부터 옛방식 선택가능","9월 격자형 개편뒤 이용자 불만친구탭 첫 화면 이전 모습 복원카카오가 15일부터 카카오톡 ‘친구 탭’을 대대적 개편 이전 모습으로 복원하기로 했다.14일 정보기술(IT) 업계에 따르면 카카오는 15일부터 친구 탭 첫 화면을 현재의 격자형 소셜네트워크서비스(SNS) 피드 형식에서 과거의 친구 목록 나열 형식으로 되돌릴 수 있도록 업데이트를 진행할 예정이다. 9월 격자형 SNS 피드 형식으로 개편한 뒤 이용자 불만이 쏟아지자 석 달 만에 사실상 ‘원상 복구’하기로 한 것이다.업데이트가 진행되면 이용자는 현재의 격자형 SNS 피드 형식과 친구목록 나열 형식 가운데 한 가지를 선택할 수 있게 될 것으로 전망된다. 카카오는 친구탭 복원과 함께 숏폼 탭 등 전반적인 사용자 인터페이스(UI), 사용자 경험(UX) 개선에...",https://n.news.naver.com/article/newspaper/020/0003681760?date=20251215,기타,0.009094387,
매일경제,국적보다 경쟁력…순혈주의 벗는 현대차의 파격인사 [사설],"현대자동차가 완성차 개발을 총괄하는 연구개발(R&D) 수장 자리에 외국인을 낙점하면서 국적보다 경쟁력을 앞세운 인사에 속도를 내고 있다. 현대차는 지난해 창사 이래 처음으로 외국인 대표이사(CEO)를 선임한 데 이어 R&D와 디자인 등 핵심 조직을 이끌 책임자 자리에 외국인을 속속 앉히면서 순혈주의를 스스로 허물고 있다.현대차는 만프레드 하러 현대차 연구개발본부 차량개발담당 부사장을 연구개발본부장(사장)으로 내정했다. 하러 부사장은 포르쉐, BMW 등에서 섀시 개발을 총괄한 전통 자동차 엔지니어이자 애플에서 '자율주행 프로젝트'를 주도했던 정보기술(IT) 전문가다. 하러 부사장이 사장으로 최종 선임되면 현대차에서는 역대 8번째 외국인 사장이 된다. 현대차는 2013년 피터 슈라이어 디자인 총괄 사장 영입 이...",https://n.news.naver.com/article/newspaper/009/0005605799?date=20251215,경영,0.008995039,
매일경제,"도미노피자, 韓 진출 35주년 제품 출시","도미노피자가 한국 진출 35주년 마지막을 장식하는 신메뉴 'LA 치즈폴레 갈비 스테이크 피자'를 출시했다.14일 도미노피자는 ""치폴레에 치즈의 마일드함을 더한 소스로 맛을 극대화했다""며 이같이 밝혔다. 갈비 스테이크와 과카몰리 크림치즈에 찍은 슈림프 토핑으로 육지와 바다의 맛을 골고루 즐기게 했다. 주문 시 치즈폴레 디핑소스를 별도로 제공해 '찍먹(찍어 먹는 방식)'과 '부먹(부어 먹는 방식)' 등 기호에 맞춰 맛볼 수 있다.도미노피자는 LA 치즈폴레 갈비 스테이크 피자 출시를 기념해 새로운 광고영상도 선보이면서 릴스 챌린지 등을 진행할 예정이다.[김시균 기자]...",https://n.news.naver.com/article/newspaper/009/0005605797?date=20251215,기타,0.008862914,
조선일보,“안녕 지구인들” 우주에서 AI가 첫 인사 보냈다,"美스타트업, GPU 이용 LLM 가동“안녕하세요, 지구인들! 아니, 제가 더 좋아하는 표현으로, 매혹적인 파란색과 초록색의 조합이여!”이 인사말은 미 스타트업 스타클라우드가 우주에 쏘아 올린 데이터센터를 기반으로 가동된 인공지능(AI)이 처음으로 인류에게 내놓은 것이다. 데이터센터를 우주에 만들어 AI를 가동하는 시대가 열리고 있다. 우주에 대규모 컴퓨팅 인프라를 띄운다는 아이디어는 예전부터 있었지만, 실제 추진된 것은 로켓 재사용 등을 통해 위성 발사 비용이 저렴해진 덕분이다.우주에서 AI 돌린다미 워싱턴주 벨뷰에 있는 스타클라우드(옛 루멘 오르빗)는 올 11월 엔비디아의 GPU(그래픽 처리 장치)인 H100을 탑재한 위성 ‘스타클라우드-1’을 발사해 궤도 위 데이터센터를 만들었다. 스타클라우드는 이 데이...",https://n.news.naver.com/article/newspaper/023/0003946885?date=20251215,기타,0.008760777,
조선일보,현대차 사장 70%가 외국인… 글로벌 리더십 속도,"순혈주의 깨고 다국적 인재 발탁한국 제조업의 간판인 현대차가 최고경영자(CEO)를 비롯해 사장의 70% 이상을 외국인으로 채우는 파격 인사로 리더십의 근간을 바꾸고 있다. 한국인 순혈주의를 깨는 파격 인사를 통해 ‘한국 기업’이 아닌 ‘한국에 본사를 둔 글로벌 기업’으로의 획기적 변화에 나선 것이다.현대차 최신 분기 보고서에 따르면, 현대차는 스페인계 미국인인 호세 무뇨스 CEO를 포함해 총 7명의 사장 중 외국인이 4명이었다. 그런데 곧 단행될 사장단 인사를 앞두고 한국인 사장 2명이 퇴임하고, 그중 빈 자리인 R&D(연구개발) 본부장에 독일인이 내정됐다. 사장 7명 중 최소 5명 이상이 외국인으로 구성되는 초유의 일이 벌어지게 된 것이다. 국적도 미국, 독일, 벨기에 등으로 다양하다.재계에선 현대차가 R...",https://n.news.naver.com/article/newspaper/023/0003946883?date=20251215,업계,0.008702631,
중앙일보,[중국읽기] 중국은 왜 이리 강경한가,중국의 일본 때리기가 예사롭지 않다. 융단 폭격 수준이다. 크게 다섯 분야다. 우선 외교적 압박. 늑대(戰狼) 외교가 살아났다. “더러운 목을 벨 수밖에 없다”는 거친 말을 서슴지 않는다. 두 번째는 여론 전쟁. 연일 반일(反日)을 외치는 중국 언론엔 화약내 가득하다. 세 번째는 경제 협박. 일본수산물 수입을 막고 일본관광 자제령을 내렸다. 네 번째는 문화교류 중단. 중국 내 일본 공연 취소 등 신조어 한일령(限日令)이 나왔다. 마지막은 군사 위협. 서해에서 실탄사격 훈련 중이다.중국은 왜 이리 강경한가. 중국 시사 평론가 덩위원은 다카이치 사나에 일본 총리가 중국의 네 가지 레드라인을 동시에 건드렸다고 말한다. 먼저 중국의 주권 레드라인. 대만 문제 개입 의사를 시사해 ‘하나의 중국’ 원칙에 도전했다는 것...,https://n.news.naver.com/article/newspaper/025/0003489739?date=20251215,경영,0.008553019,
동아일보,‘26년간 1400번 출동’ 소방관 백혈병… 법원 “공무상 질병”,‘요양급여 청구’ 소송서 승소26년간 1400번 넘게 화재 현장을 누비다 백혈병에 걸린 소방관에게 공무상 질병을 인정해야 한다는 법원 판결이 나왔다.서울행정법원 행정8단독 문지용 판사는 소방공무원 손모 씨가 인사혁신처장을 상대로 “공무상 요양을 인정하지 않은 처분을 취소해 달라”며 낸 소송에서 최근 손 씨 측 승소 판결했다고 14일 밝혔다.1996년부터 소방관으로 일했던 손 씨는 2021년 급성 골수성 백혈병을 진단받고 요양 급여를 청구했다. 그러나 인사혁신처는 실제 화재 진압·구조 업무를 수행한 시점으로부터 22년이 지난 뒤 백혈병이 발병했다는 이유로 업무와 질병 사이 인과 관계가 인정되지 않는다며 2023년 3월 공무상 요양 불승인 처분했다.하지만 법원은 소방본부 화재조사보고서 등을 근거로 손 씨의 화재...,https://n.news.naver.com/article/newspaper/020/0003681757?date=20251215,기타,0.00847222,
한국경제,"""반도체 이을 K로봇주…세계 휴머노이드 밸류체인 편입될 것""","투자 고수를 찾아삼성액티브자산운용정대호 운용2팀장로봇손·액추에이터 등핵심 부품기업 유망로보티즈·ETF 등 주목“내년이면 미국 중국에서 휴머노이드 양산이 시작될 겁니다. 이 가치사슬에 들어갈 수 있는 국내 로봇 부품주에 주목해야 합니다.”정대호 삼성액티브자산운용 운용2팀장(사진)은 14일 한국경제신문과의 인터뷰에서 “글로벌 휴머노이드 제조사가 대량 생산에 들어가면 한국 로봇 부품사가 핵심 공급망 역할을 할 가능성이 크다”며 “특히 미국은 중국산을 대체할 파트너로 한국 기업을 선호할 것”이라고 내다봤다.정 팀장은 한국 로봇주에 집중 투자하는 국내 유일한 상장지수펀드(ETF) ‘KODEX 로봇액티브’를 운용하고 있다. 올해 수익률은 114.04%로 국내 상장 로봇 ETF 중 가장 높다. 정 팀장은 로봇 손, 액추...",https://n.news.naver.com/article/newspaper/015/0005224187?date=20251215,경영,0.008252145,
조선일보,이르면 내년 하반기 대출금리에 교육세 등 법적 비용 반영 못해,은행법 개정안 국회 본회의 처리수익 2조 감소… 소비자 전가 우려이르면 내년 하반기부터 은행이나 보험사가 교육세 등 각종 법적 비용을 대출 금리에 반영할 수 없게 된다. 하지만 금융회사가 다른 방식으로 소비자에게 비용을 전가할 것이란 우려가 제기된다.국회는 지난 13일 은행법 개정안을 본회의에서 처리했다. 개정 법은 ▲지급준비금(예금에 대해 한국은행에 의무로 적립) 비용 ▲예금보험료 ▲서민금융진흥원 출연금은 가산 금리에 반영할 수 없도록 했다.교육세도 대출 금리에 포함하지 못하도록 했다. 앞서 국회는 지난 2일 본회의에서 수익이 1조원이 넘는 금융사의 경우 교육세를 기존 0.5%에서 1.0%로 올리는 교육세법 개정안을 처리한 바 있다. 현재 은행 등 금융사는 소비자들에게 대출을 내주면서 가산 금리에 교육세 ...,https://n.news.naver.com/article/newspaper/023/0003946882?date=20251215,기타,0.008154979,
한국경제,"삼성물산, 폴란드 기업과 유럽 SMR시장 공략 협약",삼성물산 건설부문이 폴란드 민간 소형모듈원전(SMR) 개발사와 손잡고 중·동부 유럽 시장으로 SMR 사업 확장에 나선다.삼성물산은 폴란드 에너지 기업 신토스그린에너지(SGE)와 ‘유럽 SMR 개발 협력을 위한 업무협약’을 맺었다고 14일 밝혔다. SGE는 SMR 주요 기술 중 하나로 평가받는 ‘BWRX-300’을 활용해 2030년대 초반까지 폴란드 최초 SMR 발전소를 포함한 최대 24기의 SMR 건설을 목표로 하고 있다. 향후 체코 헝가리 리투아니아 불가리아 루마니아 등 중·동부 유럽까지 SMR 사업을 확대할 계획이다.BWRX-300은 비등형 경수로(BWR)를 개량한 300㎿급 SMR 기술이다. 미국 GE와 일본 히타치가 합작 설립한 GE버노바히타치원자력에너지(GVH)가 개발했다. 서구권 최초 SMR 프로...,https://n.news.naver.com/article/newspaper/015/0005224246?date=20251215,기타,0.008120174,
조선일보,삼풍아파트에 무슨 일이?... ‘신통기획’ 신청 6개월 만에 자진 철회,"서울 강남권 알짜 재건축 단지로 주목받는 서초구 삼풍아파트가 서울시의 재건축 지원 사업인 신속통합기획(신통기획)을 신청했다가 6개월 만에 스스로 철회해 그 배경에 관심이 쏠리고 있다. 재건축에서 시간은 곧 돈이기 때문에 절차상 문제가 있더라도 신청 취소까지 가는 일은 거의 없기 때문이다.14일 정비 업계에 따르면, 서초구청은 삼풍아파트 신속통합기획 자문 사업 철회를 결정하고 지난 8일 관련 공문을 철회 신청 주체인 ‘범삼풍협의체’에 보냈다. 신속통합기획은 아파트 소유자 10% 이상이 철회를 신청하면 취소할 수 있다.삼풍아파트는 대단지인 데다 강남 3구(강남·서초·송파구) 내에서 신탁 방식을 도입한 첫 사례여서 주목받았다. 재건축 추진준비위원회는 2023년 한국토지신탁·한국자산신탁을 신탁 사업자로 선정하고 올...",https://n.news.naver.com/article/newspaper/023/0003946284?date=20251215,기타,0.008013188,
동아일보,친청 2명 vs 비청 3명… 與 최고위 보궐선거 ‘명청대전’ 본격화,"친청 이성윤 출마-문정복 도전장… 비청 이건태-유동철-강득구 나서당내, 의원 10여명 친청 핵심 분류“천둥벌거숭이” vs “인격모독 발언”… 양 진영 대립각 속 친명 분화 가속지방선거 출마를 위해 사퇴한 더불어민주당 전현희 김병주 한준호 전 최고위원 등 3명의 공석을 채우기 위한 최고위원 보궐선거를 앞두고 친명(친이재명)계의 분화가 빨라지고 있다. ‘1인 1표제’와 검찰-사법개혁 등을 둘러싼 이른바 ‘명청 대전(이재명 대통령과 정청래 대표의 갈등)’ 국면에서 갈라진 친청(친정청래)계와 비청(비정청래)계가 경쟁적으로 최고위원 선거에 출마하면서 대립각이 형성되고 있기 때문이다. 지난달 1인 1표제 부결도 비청계의 조직적인 반대 움직임이 원인이라는 분석이 나오는 가운데 어느 진영이 최고위원직을 차지하느냐에 따라 ...",https://n.news.naver.com/article/newspaper/020/0003681711?date=20251215,기타,0.007938337,
매일경제,'천원의 희망' 심고 떠난 … 高大앞 영철버거 아저씨,"이영철씨 별세, 향년 58세버거 팔아 年2천만원 기부'고려대 명물'로 불리던 '영철버거' 이영철 대표가 13일 별세했다. 향년 58세.14일 대학가에 따르면 이씨는 지난해부터 폐암으로 투병 중이었던 것으로 전해졌다. 이씨는 어려운 가정 형편 탓에 초등학교도 졸업하지 못하고 2000년 신용불량자 신분으로 수중에 단돈 2만2000원만 남은 상황에서 고려대 앞 리어카 노점으로 영철버거를 시작했다.미국식 핫도그 빵 사이에 고기 볶음, 양배추, 소스 등을 넣은 대표적 메뉴 '스트리트 버거'가 1000원짜리 저가 햄버거로 주목받으며 고려대 학생들 사이에서 큰 인기를 얻었다. 재료값 상승으로 버거 하나를 팔 때마다 200원의 적자가 발생하던 시기에도 학생들의 사정을 고려해 가격을 유지했다.그러나 2015년 7월 경영난으...",https://n.news.naver.com/article/newspaper/009/0005605888?date=20251215,기타,0.007839572,
한국경제,규제 속 뜨거운 청약 열기…내년 1분기 서울 알짜분양 러시,"하반기 청약시장양극화 뚜렷분양 148곳 평균 6.8 대 1절반이 경쟁률 1 대 1 안돼서울·광명·부산 등서 흥행창원 706 대 1, 잠실 631 대 1새해 분양 인기지역 줄이어연희·잠원·흑석11구역 관심올해 하반기 청약시장 양극화가 뚜렷했다. 수도권에선 서울과 경기 광명·김포 등에서 청약 경쟁률이 높았다. 연말 분양 물량이 쏟아지는 가운데 내년 분양 단지도 관심을 끈다. 서울 주요 지역에서 큰 단지가 잇달아 나온다. 대출 규제 속에 입지 여건과 함께 분양가 상한제 등 가격을 꼼꼼히 살펴봐야 한다고 전문가들은 조언한다.◇최고 경쟁률 창원에서 706.6 대 114일 한국부동산원 청약홈에 따르면 하반기 들어 지난 12일까지 전국에서 148개 민간분양 단지가 6만2461가구를 일반분양(특별공급 제외)했다. 1, 2...",https://n.news.naver.com/article/newspaper/015/0005224173?date=20251215,경영,0.007831168,
한국경제,"LG유플, 제미나이3 제공…'구글 AI 프로' 서비스 시작","LG유플러스가 국내 통신사 최초로 ‘구글 AI 프로’ 제휴 상품을 출시했다고 14일 밝혔다.LG유플러스 가입자가 오는 30일까지 구글 AI 프로 모바일 부가 서비스에 가입하면 50% 할인된 월 1만4500원에 제미나이3와 클라우드 저장 공간 2TB(테라바이트) 등을 이용할 수 있다.구글 AI 프로는 챗GPT를 능가한다는 평가를 받는 대규모언어모델(LLM) 제미나이3, 이미지 생성 모델 ‘나노 바나나 프로’, 전문 보고서 작성 모델 ‘딥리서치’ 등을 제공하는 월 정액제 서비스다. 제미나이3는 인공지능(AI) 모델 다수를 대상으로 한 2026 대학수학능력시험 풀이 테스트에서 1위를 차지했다.LG유플러스 너겟 요금제 중 너겟65, 너겟69 가입자는 추가 비용 없이 구글 AI 프로 서비스를 쓸 수 있다....",https://n.news.naver.com/article/newspaper/015/0005224240?date=20251215,기타,0.007460838,
한국경제,"정용진, 美 밴스 부통령 성탄절 만찬 참석","트럼프 주니어와의 친분이 계기정용진 신세계그룹 회장(오른쪽)이 JD 밴스 미국 부통령의 초청으로 부통령 관저에서 열린 성탄절 만찬에 참석했다. 도널드 트럼프 미국 대통령의 장남인 트럼프 주니어와의 친분을 바탕으로 미국 정부 최고 실세들과 교류하며 대미 네트워크를 과시했다.14일 신세계그룹에 따르면 정 회장은 12일(현지시간) 저녁 미국 워싱턴DC 밴스 부통령 관저에서 열린 만찬에 참석했다. 이 자리에는 하워드 러트닉 상무장관, 피터 헤그세스 전쟁부 장관, 수지 와일스 백악관 비서실장, 스티븐 밀러 부비서실장 등 트럼프 행정부의 핵심 인사들이 참석했다. 에릭 슈밋 전 구글 최고경영자(CEO)와 시암 상카르 팰런티어 최고운영책임자(COO) 등 빅테크 기업인들도 함께했다....",https://n.news.naver.com/article/newspaper/015/0005224218?date=20251215,경영,0.007453602,
매일경제,"[단독] 인력난 위기 韓 … ""전문 외국인력 받아야""","KIEP ""17년뒤 196만명 공백비전문인력 수급으론 태부족""인구절벽으로 향후 전문인력이 부족해질 전망인 가운데, 외국인 근로자 영입 범위를 정보통신업·보건업과 같은 전문 분야로 확대해야 한다는 주장이 나왔다. 15~64세 생산가능인구가 저출산·고령화로 2042년엔 2022년 대비 73% 수준인 2573만명까지 줄어들어서다. 14일 이철희 서울대 경제학부 교수가 대외경제정책연구원(KIEP) 세미나에서 발표한 자료에 따르면 서울·경기·부산 등 10개 광역지자체에서 2042년엔 최소 196만명의 인력이 부족해질 전망이다.문제는 외국인 인력이 주로 비전문인력이라는 점이다. 지난해 기준 국내에 들어온 외국인 근로자 중 전문인력은 약 9만명인 반면, 비전문인력은 48만명에 이른다. 비전문인력 위주로 외국인을 유치한다...",https://n.news.naver.com/article/newspaper/009/0005605837?date=20251215,경영,0.007308291,
조선일보,[특파원 리포트] 일본 몰아붙이는 중국의 ‘큰 그림’,"중국은 일본의 단순한 ‘사과’를 바라는 게 아니다. 국제사회에서 ‘판정승’을 통해 전방위적 우위를 점하려 한다. 다카이치 사나에 일본 총리의 ‘대만 유사시 군사 개입’ 시사 발언 이후 중국 외교 라인은 자국을 방문한 프랑스·독일 외무장관에게 지지를 요청했고 유엔 사무총장에게 잇달아 서한을 보냈다. 전 세계가 보는 앞에서 일본을 ‘단죄’하여 향후 대만 문제에서 일본의 개입을 원천 차단하고, 미·일 안보 협력을 근본적으로 제약하려는 ‘큰 그림’을 그리고 있는 것이다.중국 지도부는 갈등 국면에서 일본을 겨냥한 초강력 경제 제재 대신 문서와 규범을 전면에 내세웠다. 먼저 1972년 중·일 공동성명을 근거로 일본이 ‘하나의 중국’ 원칙을 수호해야 한다고 주장했고, 1978년 중·일 평화우호조약에 담긴 내정 불간섭 원...",https://n.news.naver.com/article/newspaper/023/0003946869?date=20251215,경영,0.007052287,
한국경제,격년마다 온 '산타 랠리'…올해도 선물 쏟아질까,"코스피지수가 올해 들어 약 70% 뛴 상황에서 ‘산타 랠리’까지 만끽할 수 있을까. 증권가에선 증시 강세가 연말까지 이어질 것이란 낙관론이 커지는 분위기다.14일 한국거래소에 따르면 이달 들어 코스피지수는 6.30% 상승하며 산타 랠리 기대를 키우고 있다. 산타 랠리는 연말·연초 주식시장이 크게 오르는 현상을 말한다. 성탄절 전후 기업의 보너스 지급과 소비 지출이 늘면서 기업 실적 개선 기대를 키우는 효과를 낸다.코스피 산타 랠리는 최근 10년간 격년에 한 번꼴로 나타났다. 2015~2024년 중 12월 코스피지수 상승률이 ‘플러스’를 기록한 건 모두 다섯 차례다. 연도별로 2016년(2.15%), 2019년(5.06%), 2020년(9.08%), 2021년(2.69%), 2023년(6.0%)의 마지막 달 ...",https://n.news.naver.com/article/newspaper/015/0005224183?date=20251215,경영,0.006664385,
매일경제,"韓 참여 美 주도 AI동맹 ""中 비시장 관행에 대응""","한국, 일본 등이 참여하는 미국 주도 인공지능(AI) 공급망 동맹체 '팍스 실리카'가 지난 12일(현지시간) 비시장적 관행에 대한 공동 대응과 첨단 산업 분야에서의 협력을 다짐하는 선언문을 채택했다.미국 국무부는 이날 워싱턴DC에서 한국·일본·싱가포르·네덜란드·영국·이스라엘·아랍에미리트(UAE)·호주 등 8개국과 처음으로 팍스 실리카 서밋을 개최했다.참가국 가운데 UAE와 네덜란드를 제외한 7개국(미국 포함)이 회의의 합의 사항을 반영한 팍스 실리카 선언에 공동 서명했다.이들 국가는 ""경제 안보를 위해서는 강압적 의존을 줄이고 공정한 시장 관행을 준수하는 신뢰할 수 있는 파트너와 새로운 연계를 구축하는 것이 필요하다고 믿는다""고 밝혔다. 또한 ""혁신과 공정 경쟁을 저해하는 비시장적 관행에 대응""하고 ""민간 ...",https://n.news.naver.com/article/newspaper/009/0005605850?date=20251215,경영,0.006533442,
한국경제,"소노인터내셔널, 티웨이항공에 1270억 수혈","증자 참여…경영정상화 총력""내년 상장 위한 걸림돌 해소""소노인터내셔널이 코스닥시장 상장 기업인 티웨이항공에 1000억원 넘는 자금을 수혈한다. 내년 소노인터내셔널의 기업공개(IPO) 재추진에 앞서 티웨이항공 정상화를 먼저 추진하는 것으로 풀이된다.14일 투자은행(IB)업계에 따르면 티웨이항공 이사회는 지난 11일 총 1910억원 규모의 자본 확충 계획을 결의했다. 최대주주인 소노인터내셔널은 제3자 배정 유상증자 방식으로 1000억원을 출자한다. 나머지 910억원은 주주 배정 후 실권주를 일반공모하는 방식으로 조달한다. 소액주주의 반발을 최소화하면서도 재무구조 개선 자금을 마련하려는 절충안으로 해석된다.소노인터내셔널은 현재 티웨이항공 지분 약 30.35%를 보유하고 있다. 이번 3자 배정 유상증자와 주주 배정...",https://n.news.naver.com/article/newspaper/015/0005224245?date=20251215,경영,0.006497235,
동아일보,"‘해직교사 특채 의혹’ 김석준 부산시교육감, 1심서 ‘직위 상실형’",재판부 “채용 과정서 임용권 남용”김 교육감 “항소심서 입장 밝힐 것”금고형 이상 땐 내년 지방선거 영향해직 교사 특별 채용 지시 혐의로 기소된 김석준 부산시교육감이 1심에서 징역형의 집행유예를 선고받아 형이 확정되면 직위를 상실할 위기에 처했다.부산지법 형사3단독 심재남 부장판사는 12일 직권남용권리행사방해 위반 등의 혐의로 기소된 김 교육감에게 징역 8개월에 집행유예 2년을 선고했다. 김 교육감은 2018년 전국교직원노동조합(전교조) 소속 해직 교사 4명을 특별 채용 대상으로 내정하고 교원 인사 담당 공무원들에게 공개 경쟁을 가장해 채용할 것을 지시한 혐의로 재판에 넘겨졌다. 해직 교사들은 전교조 부산지부에 통일학교를 설치해 김일성과 공산당을 찬양하는 내용을 강의했다가 국가보안법 위반죄로 징역형의 집행유...,https://n.news.naver.com/article/newspaper/020/0003681676?date=20251215,기타,0.006354382,
매일경제,[시가 있는 월요일] 하얀 위로,"무엇을 먹는다는 것이 감격스러울 때는비싼 정찬을 먹을 때가 아니라그냥 흰죽 한 그릇을 먹을 때말갛게 밥물이 퍼진,간장 한 종지를 곁들여 내온흰죽 한 그릇늙은 어머니가 흰쌀을 참기름에 달달 볶다가물을 부어 끓이는가스레인지 앞에 오래 서서조금씩 조금씩물을 부어 저어주고 (후략)- 고영민 '흰죽' 부분감격은 늘 풍요가 아닌 결핍에서 온다. 어느덧 나이 들어 몸이 예전 같지 않다는 걸 알았을 때, 평온했던 일상이 그동안 함부로 대했던 몸 때문에 무너질 수도 있음을 알게 될 때, 평소 잘 찾지도 않던 흰죽 한 그릇은 가슴 벅찬 위로가 된다. 춥고 쓸쓸한 결핍을 충족시키려 온종일 답안지 없는 세상을 돌아다닌 저녁이면 흰죽 한 그릇이 생각난다.고통 뒤에 만난 흰죽엔 한 점의 불순물도 없어 더 아름답다. 정신의 소화불량에...",https://n.news.naver.com/article/newspaper/009/0005605802?date=20251215,기타,0.006154274,
동아일보,김범석 “170개국 영업 글로벌 CEO 일정 있어 청문회 불출석”,"사유서 제출에 與 “국민 무시 오만”金, 10년간 국회 출석 모두 불응쿠팡 창업주인 김범석 쿠팡Inc 이사회 의장이 17일로 예정된 쿠팡의 대규모 개인정보 유출 사건 관련 국회 청문회 증인으로 채택됐지만 “출석이 불가능하다”고 밝혔다. 김 의장은 국회에 제출한 불출석 사유서에서 “글로벌 기업의 CEO(최고경영자)로서 공식적인 비즈니스 일정들이 있다”고 설명했다.14일 국회 과학기술정보방송통신위원회(과방위)에 따르면 김 의장은 증인 불출석 사유서에서 “본인은 현재 해외에 거주하고 근무하는 중으로, 전 세계 170여 국가에서 영업을 하는 글로벌 기업의 CEO로서 공식적인 비즈니스 일정들이 있는 관계로 부득이하게 청문회에 출석이 불가하다”고 밝혔다. 앞서 국회 과방위는 김 의장과 박대준 전 대표이사, 강한승 북미...",https://n.news.naver.com/article/newspaper/020/0003681759?date=20251215,경영,0.006066429,
조선일보,"[심찬구의 스포츠 르네상스] 2025 스포츠 산업 뒤흔든 기술·자본·플랫폼, 인간의 역할을 묻다","AI가 규칙 바꾸고, 거대 펀드가 투자하며, 유통의 중심은 OTT로하지만 방향과 의미를 만드는 건 인간… 땀, 함성, 승부는 여전해2025년은 정치, 경제, 기술이 동시에 요동친 해였다. 세계 곳곳에서 정치적 분열이 고조되고, 고금리와 공급망 재편이 경제를 압박했다. 인공지능(AI)을 중심으로 한 기술 혁명은 노동, 교육, 문화의 토대를 빠르게 바꿔 놓았고, 미래에 대한 기대와 인간 역할 축소에 대한 두려움이 동시에 커졌다. 스포츠는 이러한 시대상을 가장 먼저 투영하는 영역이다. 가장 인간적이면서 기술, 자본, 플랫폼의 충격을 가장 먼저 흡수하는 산업이기 때문이다.2025년 스포츠에서 가장 도드라진 변화는 기술이었다. 글로벌 스포츠 기술 시장은 2025년 343억달러에서 2030년 687억달러로 성장할 것으...",https://n.news.naver.com/article/newspaper/023/0003946866?date=20251215,경영,0.005988501,
매일경제,마이너스통장 잔액 3년만에 40조 돌파,"5대 시중銀 통계 분석부동산규제로 대출 조이자기존 뚫어둔 마통 사용 증가주담대 상환액은 줄어들어10·15대책후 4조원대로 뚝부동산 가격 안정화를 이유로 정부가 대출을 강하게 조이며 압박하고 있지만 사람들은 '마이너스통장'으로 불리는 한도대출 사용을 늘리고, 주택담보대출 상환은 예전에 비해 현저하게 줄인 것으로 나타났다.14일 KB국민·신한·하나·우리·NH농협은행 등 5대 시중은행에 따르면 지난 11일 기준 마이너스통장 잔액은 40조7582억원에 달했다. 5대 은행의 마이너스통장 잔액은 2023년 금리 인상기에 돌입하면서 40조원대에서 내려온 이후 꾸준히 37조~38조원 선을 유지해왔다.그러나 지난 11월 말 결국 40조원을 돌파했고, 12월 들어 2주가 채 안 되는 기간에 다시 7000억원 가까이 증가해 연...",https://n.news.naver.com/article/newspaper/009/0005605818?date=20251215,경영,0.005959521,
매일경제,[단독] 공무원도 AI 제대로 활용 못하면 낙오…승진심사때 반영한다,"공직자 AI교육 로드맵문서작성부터 정책 반영까지1~3단계 나눠 50과목 마련어느 날 한 부처의 결재 라인에서 보고서 두 건이 동시에 올라왔다. 하나는 표지와 구성이 완벽했지만 근거 데이터에 대한 시뮬레이션이 없었고, 다른 하나는 다소 투박했지만 인공지능(AI)를 활용해 정책 효과를 미리 계산해 놓았다. 가까운 미래에 도입될 '공직자 AI 활용 방안'의 한 사례다.정부가 정책을 마련하는 과정에서 AI 활용을 적극 권장하기로 하면서, 앞으로 공무원들의 업무 방식이 크게 달라질 전망이다.14일 정부에 따르면 한국생산성본부가 최근 이 같은 방안을 담은 'AI 교육 체계 수립안' 보고서를 국가공무원인재개발원에 제출했다. 교육안은 지난 7월 이뤄진 공무원 499명 대상 설문조사와 전문가 검토 등을 거쳐 마련됐다. 갓 ...",https://n.news.naver.com/article/newspaper/009/0005605832?date=20251215,기타,0.005880825,
중앙일보,"""양극성 고주파 편도절제술, 출혈 통증 적고 회복도 빨라"" [Health&]","인터뷰문재연 대표원장루나이비인후과열 확산 줄여 주변 조직 손상 최소화절제·지혈 동시 진행해 효율성 높여까다로운 편도 하부 수술할 때 유리재발·합병증 위험 낮춰 삶의 질 개선편도는 세균·바이러스를 막는 1차 방어 기관이지만, 감염이 반복되면 만성 편도염으로 진행될 수 있다. 이땐 편도염이 자주 재발해 일상생활에 불편을 주고, 수면무호흡증·편도결석 같은 합병증으로 고생할 수 있다. 건강보험심사평가원 통계에 따르면 지난해 만성 편도염으로 병원 진료를 받은 환자는 약 48만 명에 이른다. 다행히 요즘엔 편도절제술로 근본적인 치료 효과를 기대할 수 있다. 특히 양극성 고주파 에너지를 이용한 수술 기기가 도입돼 출혈·통증에 대한 우려가 크게 줄었다. 루나이비인후과 문재연 대표원장에게 만성 편도염의 특징과 최신의 수술 ...",https://n.news.naver.com/article/newspaper/025/0003489803?date=20251215,기타,0.005800736,
한국경제,"환율·채권, 이달 환율 평균 1470원…외환위기후 최고",이달 원·달러 평균 환율이 1470원을 넘어 1997년 외환위기 이후 최고 수준을 지속했다. 해외 투자 증가로 달러 매수 물량이 매도 물량을 압도하는 구조적 흐름이 이어지면서 내년에도 고환율 기조가 이어질 것이라는 전망이 우세하다.14일 외환당국에 따르면 원·달러 환율은 지난 9~11일 1470원대 초반에서 움직이다가 12일 야간 거래에서 장중 1479원90전까지 오른 뒤 1477원에 마감했다. 원·달러 환율은 지난달 7일(1456원90전) 이후 한 달 넘게 장중 기준으로도 1450원을 웃돌았다. 한국은행에 따르면 이달 첫 2주간 평균 환율(주간 거래 종가 기준)은 1470원40전이었다. 지난달 평균 환율은 1460원44전으로 1998년 3월(1488원87전) 이후 27년 만에 최고치를 기록했다. 현재 추세...,https://n.news.naver.com/article/newspaper/015/0005224190?date=20251215,경영,0.005699009,
조선일보,"美 명문 브라운대서도 총격, 최소 2명 숨져","강의실 뛰어들어 난사… 9명 부상13일 오후 미국 동부 로드아일랜드주(州) 주도 프로비던스에 있는 브라운대 캠퍼스에서 총격 사건이 발생해 최소 2명이 숨지고 9명이 다쳤다. 사상자는 모두 브라운대생이며, 용의자는 14일 체포됐다.대학 측에 따르면 13일 오후 4시쯤 공과대학 등이 입주한 7층짜리 배러스 앤드 홀리 빌딩 1층에서 총격이 발생했다. 기말고사를 앞두고 경제학 원론 복습 수업이 진행 중이던 강의실에 복면 괴한이 뛰어들어 소리를 지르고 총격을 시작했다. 부상자 중 1명은 위중한 것으로 알려졌다.이번 사건은 미국의 여타 총격 사건과 비교해 인명 피해가 크다고 할 수 없지만 미 언론들은 일제히 긴급 뉴스로 타전했다. 대개의 총격 사건은 관광지나 유흥가 등 치안 상황이 좋지 않거나 야외 행사처럼 통제가 쉽...",https://n.news.naver.com/article/newspaper/023/0003946909?date=20251215,경영,0.005650473,
한국경제,올 세계 경제 키워드는 '트럼프'…내년은 '재정 위기' [한상춘의 국제경제 읽기],"GDP대비 국가채무비율中 310%·日 270%…미국도 110% 넘어서팽창적 예산안 경쟁지도자의 중앙銀 통제위험 가속화 경계해야올해 세계 경제의 키워드는 단연 ‘도널드 트럼프’다. 지난 1월 20일 대통령 취임 이후 미국의 이익을 강조하는 이기주의로 일관해 제2차 세계대전 이후 구축해 온 자유무역 다자 채널을 약화시켰기 때문이다.내년 키워드는 무엇이 될까. 인공지능(AI)과 로봇, 북극 해빙, 이상기후 등 다양하지만 ‘재정 위기’를 꼽는 예측기관이 의외로 많다. 위기는 대부분 금융에서 발생했지만, 재정에서 위기가 올 것이라는 우려는 2011년 유럽 재정위기 이후 처음 있는 일이다.최근 세계 거의 모든 국가가 재정적자와 국가채무에 시달리고 있다. 주요국의 국내총생산(GDP) 대비 국가채무 비율을 보면 중국 31...",https://n.news.naver.com/article/newspaper/015/0005224191?date=20251215,경영,0.005453587,1
동아일보,10억 이상 ‘금융부자’ 48만명… “유망 투자처는 주식”,"‘금융부자’ 15년새 3배 넘게 불어“주식투자 늘릴것” 17% “축소” 5.8%금융자산 10억 원 이상을 보유한 ‘금융부자’는 약 48만 명으로 이들이 생각하는 ‘진짜 부자’의 자산 기준은 100억 원으로 나타났다. 또 1년 대 단기 고수익이 예상되는 투자처로는 주식을 꼽았다.14일 KB금융지주 경영연구소가 발간한 ‘2025 한국 부자 보고서’에 따르면 지난해 말 기준 국내에서 금융자산 10억 원 이상인 부자는 모두 47만6000명, 전체 인구의 0.92%로 추산됐다. 이는 전년보다 3.2%(1만4900명) 늘어난 수치다. 2010년 말 기준 13만 명과 비교하면 3배 이상으로 불었다. 해마다 평균 9.7%씩 증가한 셈이다.이들이 생각하는 ‘진짜 부자’의 자산 기준은 ‘총자산 100억 원’이었다. 이 중 부...",https://n.news.naver.com/article/newspaper/020/0003681687?date=20251215,경영,0.005356937,
동아일보,"조미김, 美 관세 면제",14일 서울 시내의 대형마트에서 외국인 관광객들이 김을 고르고 있다. 이날 해양수산부에 따르면 지난달 발표된 한미 관세·안보 분야 조인트 팩트시트(공동 설명자료)의 부속 문서에 조미김이 수산물 중 유일하게 무관세 품목으로 기재됐다. 미국은 국산 김 수출액의 약 20%를 차지하고 있는 나라다....,https://n.news.naver.com/article/newspaper/020/0003681701?date=20251215,기타,0.005304335,
조선일보,경기도에서도 약발 끝나가는 ‘10·15 대책’...상승률 톱5 모두 규제지역,"대출 한도 축소와 토지거래허가제 등 강력한 규제를 담은 ‘10·15 부동산 대책’ 시행 두 달이 지났지만, 경기도 내 규제지역 12곳은 비규제지역보다 아파트 가격이 훨씬 큰 폭으로 오른 것으로 나타났다. 고강도 규제가 오히려 규제지역의 가치를 공인하는 결과로 이어지면서 정책 의도가 무력화되고 있는 것이다. 대책 발표 이후 서울에서 강남3구 및 한강벨트와 외곽 지역 간 집값 격차가 더 벌어진 것처럼, 경기도에서도 규제가 양극화를 심화시키고 있다는 평가가 나온다.경기도도 규제지역이 더 올랐다14일 한국부동산원에 따르면, 10·15 대책의 핵심인 3중 규제(조정대상지역·투기과열지구·토지거래허가구역)가 전면 시행된 10월 20일부터 이달 8일까지 7주간 경기도 아파트값은 0.68% 상승했다. 대책 시행 직전 7주간...",https://n.news.naver.com/article/newspaper/023/0003946805?date=20251215,경영,0.004931376,
중앙일보,"李 ""청년착취""라는 포괄임금제, 폐지땐 '담타'도 감시받는다","“포괄임금제가 잘 모르는 청년들에 대한 노동착취 수단이 되고 있다고 하더라.”지난 11일 이재명 대통령은 고용노동부 업무보고에서 포괄임금제를 놓고 날선 질문을 잇따라 던졌다. 이 대통령이 지적한 만큼 법 제도 정비도 이뤄질 전망이다.그럼에도 김영훈 노동부 장관은 “포괄임금제를 근본적으로 전면 금지하기에는 현실적인 어려움이 있다”고 선을 그었다.포괄임금제는 근로 형태나 업무 성질상 추가 근무수당을 정확히 산정하기 어려운 경우, 노사 합의로 연장·야간·휴일수당을 미리 포함해 지급하는 임금체계다. 법률상 제도는 아니지만 1992년 대법원 판례 이후 제한적으로 허용돼 왔다. 왜 문제가 반복되는지, 그 배경과 원인을 문답 형식으로 짚어봤다.Q : 청년 착취 수단인가A :이 대통령이 지적한 배경에는 최근 발생한 ‘런던...",https://n.news.naver.com/article/newspaper/025/0003489787?date=20251215,경영,0.004899706,
중앙일보,[사진] 한학자 자서전 든 전재수,전재수 더불어민주당 의원이 21대 총선을 앞둔 2020년 3월 23일 통일교 계열의 (사)남북통일운동국민연합 관계자들을 만나는 자리에서 한학자 통일교 총재의 자서전 『인류의 눈물을 닦아주는 평화의 어머니』(아래 사진)를 들고 기념촬영하고 있다. 전 의원은 이 단체와 수차례 접촉했다. [사진 독자]...,https://n.news.naver.com/article/newspaper/025/0003489786?date=20251215,기타,0.004877536,
조선일보,"19禁 패션, 쉴 틈 없는 골반춤… 도자 캣 첫 한국공연에 혼이 ‘쏙’","무대를 휘어잡는 끼를 타고난 가수. 지난 13일 고양 킨텍스에서 열린 첫 내한 무대 ‘마 비’(Ma Vie·내 인생)에서 미국 팝 가수 도자 캣(30)이 준 첫인상이었다.이날 오후 8시, 관객 1만4000명이 집중한 전광판에 가장 먼저 등장한 건 검정 스타킹 차림에 엉덩이를 적나라하게 드러낸 도자 캣의 하체였다. 초록 머리와 파격적인 ‘하의 실종’ 의상으로 나타난 그는 첫 곡 ‘Cards’부터 밴드의 끈적한 반주에 맞춰 쉴 새 없이 골반을 굴렸다. 이어 2022년 그래미 수상곡 ‘Kiss me more’, 도자의 엉덩이 춤을 중계 카메라로 바짝 비추며 이 공연이 ’19금(禁)’임을 상기시켜준 ‘Get into it’, ‘내가 너무 아름다운 게 죄’라는 가사를 당당히 외치는 ‘Gorgeous’까지. 내리 네 ...",https://n.news.naver.com/article/newspaper/023/0003946856?date=20251215,기타,0.004842737,
한국경제,"부자들 ""부동산보다 주식이 유망""","KB금융 '부자 보고서'총금융자산 사상 첫 3000兆금융자산을 10억원 이상 보유한 한국 부자들이 미래 유망 투자처로 주식을 주목하는 것으로 나타났다. 한국 부자가 보유한 총금융자산은 사상 최초로 3000조원을 넘어섰다. 주식시장 회복에 힘입은 결과로 분석된다.KB금융그룹 경영연구소가 14일 발간한 ‘2025 한국 부자 보고서’에 따르면 한국 부자 10명 중 4명은 지난 1년간 주식 투자에서 ‘수익을 냈다’(40%)고 답했다. ‘손실을 봤다’는 응답은 9.8%에 그쳤다. 부자들의 보유 종목은 평균 8.9개로 전년 대비 0.7개 늘었다. 투자 분야는 국내외 모두 반도체·디스플레이가 가장 많았다. 이어 정보기술(IT)·소프트웨어, 인공지능(AI) 관련 종목 순이었다.한국 부자들은 향후 1년 이내 단기 고수익 투...",https://n.news.naver.com/article/newspaper/015/0005224199?date=20251215,경영,0.004740728,
중앙일보,[우리말 바루기] 물음을 나타내는 ‘-나’와 ‘-ㄴ가’,"‘-나’와 ‘-ㄴ가’는 물음을 나타낸다. 품사와 시제에 따라 구분되는데, 간혹 어색함이 덜 느껴지는지 ‘-ㄴ가’를 붙여야 할 곳에 ‘-나’를 쓰기도 한다.예를 들면 일상의 대화에서 “오늘 춥나?”라고 하는 걸 어렵지 않게 들을 수 있다. ‘덥다’도 “덥나?”라고 묻는 걸 때때로 듣는다. 이 영향 때문인지 글에서도 ‘춥나’ ‘덥나’ 형태를 보게 된다. 모두 표준형은 아니다. 부자연스럽다며 어색해 하는 사람들도 있다.물음을 나타내는 종결어미 ‘-나’는 동사에 붙는다. 이때 더 자연스럽게 느껴진다. “어디 가나?” “무엇을 먹나?” “지금 무엇 하나?” 형용사일 때는 ‘-ㄴ가(-은가)’가 붙는다. “정말 예쁜가?” “그 사람 착한가?” “얼마나 좋은가?”그런데 이 문장들을 ‘-나’로 끝내면 어떨까? “정말 예쁘나...",https://n.news.naver.com/article/newspaper/025/0003489728?date=20251215,기타,0.004731376,
매일경제,'사법경찰평가' 전국 확대도입,"변호사가 수사과정 전반 평가전국 14곳 변호사회 모두시행변호사가 경찰 수사관을 평가하는 '사법경찰평가' 제도가 전국 단위로 확대된다. 경찰청은 현재 일부 지역에서만 시행 중인 사법경찰평가 제도를 변호사단체와 협력해 전국 단위로 확대 도입하는 방안을 추진한다고 14일 밝혔다. 사법경찰평가는 경찰 조사에 입회한 변호인이 담당 수사관의 태도와 절차 준수 등 수사 전반을 평가하는 제도로, 2021년 10월 서울지방변호사회가 처음 도입했다. 이 제도는 현재 서울·광주·경남·전북지방변호사회에서 시행되고 있는데, 내년부터  부산·대구·경기북부지방변호사회로도 확대될 예정이다.평가는 △도덕성·청렴성 △적법 절차 준수 △인권의식과 친절성 △직무능력·신속성 등 7개 항목을 100점 만점으로 산정해 이뤄진다. 평균 점수는 도입 ...",https://n.news.naver.com/article/newspaper/009/0005605867?date=20251215,기타,0.004597811,
